1958-12-31,It's All In The Game,6
1958-12-31,Nel Blu Dipinto Di Blu (Volar√©),5
1958-12-31,"To Know Him, Is To Love Him",3
1958-12-31,It's Only Make Believe,2
1958-12-31,Poor Little Fool,2
1958-12-31,Little Star,1
1958-12-31,The Chipmunk Song,1
1958-12-31,Tom Dooley,1
1968-12-31,Hey Jude,9
1968-12-31,Mack The Knife,9
1968-12-31,The Theme From A Summer Place,9
1968-12-31,I Want To Hold Your Hand,7
1968-12-31,I'm A Believer,7
1968-12-31,Tossin' And Turnin',7
1968-12-31,Are You Lonesome To-night?,6
1968-12-31,The Battle Of New Orleans,6
1968-12-31,Big Bad John,5
1968-12-31,Big Girls Don't Cry,5
1968-12-31,Can't Buy Me Love,5
1968-12-31,Cathy's Clown,5
1968-12-31,Honey,5
1968-12-31,I Can't Stop Loving You,5
1968-12-31,It's Now Or Never,5
1968-12-31,Love Is Blue (L'amour Est Bleu),5
1968-12-31,People Got To Be Free,5
1968-12-31,Sherry,5
1968-12-31,Sugar Shack,5
1968-12-31,The Ballad Of The Green Berets,5
1968-12-31,To Sir With Love,5
1968-12-31,Venus,5
1968-12-31,(I Can't Get No) Satisfaction,4
1968-12-31,(Sittin' On) The Dock Of The Bay,4
1968-12-31,Baby Love,4
1968-12-31,Come Softly To Me,4
1968-12-31,Daydream Believer,4
1968-12-31,Dominique,4
1968-12-31,Groovin',4
1968-12-31,He's So Fine,4
1968-12-31,Lonely Boy,4
1968-12-31,Ode To Billie Joe,4
1968-12-31,Roses Are Red (My Love),4
1968-12-31,Runaway,4
1968-12-31,Somethin' Stupid,4
1968-12-31,Stagger Lee,4
1968-12-31,Stuck On You,4
1968-12-31,The Letter,4
1968-12-31,The Three Bells,4
1968-12-31,There! I've Said It Again,4
1968-12-31,This Guy's In Love With You,4
1968-12-31,Windy,4
1968-12-31,Yesterday,4
1968-12-31,(You're My) Soul And Inspiration,3
1968-12-31,Blue Moon,3
1968-12-31,Blue Velvet,3
1968-12-31,Chapel Of Love,3
1968-12-31,Cherish,3
1968-12-31,Duke Of Earl,3
1968-12-31,Fingertips - Pt 2,3
1968-12-31,Happy Together,3
1968-12-31,Hello Goodbye,3
1968-12-31,Help!,3
1968-12-31,Hey Paula,3
1968-12-31,Hey! Baby,3
1968-12-31,I Feel Fine,3
1968-12-31,I Got You Babe,3
1968-12-31,I Heard It Through The Grapevine,3
1968-12-31,I Will Follow Him,3
1968-12-31,I'm Sorry,3
1968-12-31,Light My Fire,3
1968-12-31,"Monday, Monday",3
1968-12-31,Mrs. Brown You've Got A Lovely Daughter,3
1968-12-31,Mrs. Robinson,3
1968-12-31,My Boyfriend's Back,3
1968-12-31,"Oh, Pretty Woman",3
1968-12-31,Peppermint Twist - Part I,3
1968-12-31,Pony Time,3
1968-12-31,Running Bear,3
1968-12-31,Save The Last Dance For Me,3
1968-12-31,Smoke Gets In Your Eyes,3
1968-12-31,Soldier Boy,3
1968-12-31,Sukiyaki,3
1968-12-31,Summer In The City,3
1968-12-31,Take Good Care Of My Baby,3
1968-12-31,Telstar,3
1968-12-31,The Chipmunk Song,3
1968-12-31,The House Of The Rising Sun,3
1968-12-31,The Lion Sleeps Tonight,3
1968-12-31,The Twist,3
1968-12-31,Turn! Turn! Turn! (To Everything There Is A Season),3
1968-12-31,Walk Like A Man,3
1968-12-31,We Can Work It Out,3
1968-12-31,Winchester Cathedral,3
1968-12-31,Wonderland By Night,3
1968-12-31,A Big Hunk O' Love,2
1968-12-31,A Hard Day's Night,2
1968-12-31,Breaking Up Is Hard To Do,2
1968-12-31,Calcutta,2
1968-12-31,Come See About Me,2
1968-12-31,Do Wah Diddy Diddy,2
1968-12-31,Downtown,2
1968-12-31,Easier Said Than Done,2
1968-12-31,Eight Days A Week,2
1968-12-31,El Paso,2
1968-12-31,Everybody's Somebody's Fool,2
1968-12-31,Get Off Of My Cloud,2
1968-12-31,Go Away Little Girl,2
1968-12-31,Good Luck Charm,2
1968-12-31,Grazing In The Grass,2
1968-12-31,Hanky Panky,2
1968-12-31,He's A Rebel,2
1968-12-31,Heartaches By The Number,2
1968-12-31,"Hello, I Love You",2
1968-12-31,"Help Me, Rhonda",2
1968-12-31,Hit The Road Jack,2
1968-12-31,I Can't Help Myself (Sugar Pie Honey Bunch),2
1968-12-31,I Get Around,2
1968-12-31,I Hear A Symphony,2
1968-12-31,I'm Leaving It Up To You,2
1968-12-31,I'm Telling You Now,2
1968-12-31,If You Wanna Be Happy,2
1968-12-31,It's My Party,2
1968-12-31,Johnny Angel,2
1968-12-31,Judy In Disguise (With Glasses),2
1968-12-31,Kansas City,2
1968-12-31,Kind Of A Drag,2
1968-12-31,Love Child,2
1968-12-31,Michael,2
1968-12-31,Monster Mash,2
1968-12-31,My Guy,2
1968-12-31,My Heart Has A Mind Of Its Own,2
1968-12-31,My Love,2
1968-12-31,"Paint It, Black",2
1968-12-31,Paperback Writer,2
1968-12-31,Quarter To Three,2
1968-12-31,Rag Doll,2
1968-12-31,Reach Out I'll Be There,2
1968-12-31,Respect,2
1968-12-31,Runaround Sue,2
1968-12-31,She Loves You,2
1968-12-31,Sheila,2
1968-12-31,Sleep Walk,2
1968-12-31,Stop! In The Name Of Love,2
1968-12-31,Surf City,2
1968-12-31,Surrender,2
1968-12-31,Teen Angel,2
1968-12-31,The Sound Of Silence,2
1968-12-31,This Diamond Ring,2
1968-12-31,Tighten Up,2
1968-12-31,Travelin' Man,2
1968-12-31,Walk Right In,2
1968-12-31,When A Man Loves A Woman,2
1968-12-31,Where Did Our Love Go,2
1968-12-31,Wild Thing,2
1968-12-31,Will You Love Me Tomorrow,2
1968-12-31,You Can't Hurry Love,2
1968-12-31,You Keep Me Hangin' On,2
1968-12-31,You've Lost That Lovin' Feelin',2
1968-12-31,96 Tears,1
1968-12-31,A World Without Love,1
1968-12-31,All You Need Is Love,1
1968-12-31,Alley-Oop,1
1968-12-31,Back In My Arms Again,1
1968-12-31,Deep Purple,1
1968-12-31,Don't Break The Heart That Loves You,1
1968-12-31,Eve Of Destruction,1
1968-12-31,Everybody Loves Somebody,1
1968-12-31,Game Of Love,1
1968-12-31,Georgia On My Mind,1
1968-12-31,Good Lovin',1
1968-12-31,Good Vibrations,1
1968-12-31,Green Tambourine,1
1968-12-31,Hang On Sloopy,1
1968-12-31,Harper Valley P.T.A.,1
1968-12-31,"Hello, Dolly!",1
1968-12-31,I Want To Be Wanted,1
1968-12-31,"I'm Henry VIII, I Am",1
1968-12-31,Incense And Peppermints,1
1968-12-31,Itsy Bitsy Teenie Weenie Yellow Polkadot Bikini,1
1968-12-31,Last Train To Clarksville,1
1968-12-31,Leader Of The Pack,1
1968-12-31,Lightnin' Strikes,1
1968-12-31,Love Is Here And Now You're Gone,1
1968-12-31,Love Me Do,1
1968-12-31,Moody River,1
1968-12-31,Mother-In-Law,1
1968-12-31,Mr. Blue,1
1968-12-31,Mr. Custer,1
1968-12-31,Mr. Lonely,1
1968-12-31,Mr. Tambourine Man,1
1968-12-31,My Girl,1
1968-12-31,Our Day Will Come,1
1968-12-31,Over And Over,1
1968-12-31,Penny Lane,1
1968-12-31,Please Mr. Postman,1
1968-12-31,Poor Side Of Town,1
1968-12-31,Ringo,1
1968-12-31,Ruby Tuesday,1
1968-12-31,Running Scared,1
1968-12-31,So Much In Love,1
1968-12-31,Stay,1
1968-12-31,Stranger On The Shore,1
1968-12-31,Strangers In The Night,1
1968-12-31,Sunshine Superman,1
1968-12-31,The Happening,1
1968-12-31,The Happy Organ,1
1968-12-31,The Loco-Motion,1
1968-12-31,The Stripper,1
1968-12-31,These Boots Are Made For Walkin',1
1968-12-31,Ticket To Ride,1
1968-12-31,Why,1
1968-12-31,Wooden Heart,1
1978-12-31,You Light Up My Life,10
1978-12-31,Night Fever,8
1978-12-31,Tonight's The Night (Gonna Be Alright),8
1978-12-31,Shadow Dancing,7
1978-12-31,Alone Again (Naturally),6
1978-12-31,Aquarius/Let The Sunshine In,6
1978-12-31,Best Of My Love,6
1978-12-31,Bridge Over Troubled Water,6
1978-12-31,In The Year 2525,6
1978-12-31,Joy To The World,6
1978-12-31,The First Time Ever I Saw Your Face,6
1978-12-31,Get Back,5
1978-12-31,I'll Be There,5
1978-12-31,It's Too Late/I Feel The Earth Move,5
1978-12-31,Killing Me Softly With His Song,5
1978-12-31,Maggie May/Reason To Believe,5
1978-12-31,One Bad Apple,5
1978-12-31,Silly Love Songs,5
1978-12-31,(They Long To Be) Close To You,4
1978-12-31,American Pie (Parts I & II),4
1978-12-31,Disco Lady,4
1978-12-31,Dizzy,4
1978-12-31,Don't Go Breaking My Heart,4
1978-12-31,Everyday People,4
1978-12-31,Honky Tonk Women,4
1978-12-31,How Can You Mend A Broken Heart,4
1978-12-31,I Can See Clearly Now,4
1978-12-31,I Heard It Through The Grapevine,4
1978-12-31,I Just Want To Be Your Everything,4
1978-12-31,Kiss You All Over,4
1978-12-31,Love Will Keep Us Together,4
1978-12-31,My Love,4
1978-12-31,My Sweet Lord/Isn't It A Pity,4
1978-12-31,Raindrops Keep Fallin' On My Head,4
1978-12-31,Stayin' Alive,4
1978-12-31,"Sugar, Sugar",4
1978-12-31,Tie A Yellow Ribbon Round The Ole Oak Tree,4
1978-12-31,Without You,4
1978-12-31,(You're) Having My Baby,3
1978-12-31,50 Ways To Leave Your Lover,3
1978-12-31,A Horse With No Name,3
1978-12-31,Ain't No Mountain High Enough,3
1978-12-31,American Woman/No Sugar Tonight,3
1978-12-31,Baby Come Back,3
1978-12-31,Baby Don't Get Hooked On Me,3
1978-12-31,Bad Blood,3
1978-12-31,Boogie Oogie Oogie,3
1978-12-31,Brand New Key,3
1978-12-31,Crocodile Rock,3
1978-12-31,"December, 1963 (Oh, What a Night)",3
1978-12-31,Evergreen (Love Theme From A Star Is Born),3
1978-12-31,Family Affair,3
1978-12-31,"Fly, Robin, Fly",3
1978-12-31,Go Away Little Girl,3
1978-12-31,He Don't Love You (Like I Love You),3
1978-12-31,How Deep Is Your Love,3
1978-12-31,I Think I Love You,3
1978-12-31,Island Girl,3
1978-12-31,Knock Three Times,3
1978-12-31,Le Freak,3
1978-12-31,Lean On Me,3
1978-12-31,MacArthur Park,3
1978-12-31,Me And Mrs. Jones,3
1978-12-31,Play That Funky Music,3
1978-12-31,Seasons In The Sun,3
1978-12-31,Sir Duke,3
1978-12-31,The Candy Man,3
1978-12-31,The Streak,3
1978-12-31,The Way We Were,3
1978-12-31,War,3
1978-12-31,Wedding Bell Blues,3
1978-12-31,You're So Vain,3
1978-12-31,(Love Is) Thicker Than Water,2
1978-12-31,ABC,2
1978-12-31,ANNIE'S SONG,2
1978-12-31,Afternoon Delight,2
1978-12-31,"Bad, Bad Leroy Brown",2
1978-12-31,"Billy, Don't Be A Hero",2
1978-12-31,Brother Louie,2
1978-12-31,Brown Sugar,2
1978-12-31,Crimson And Clover,2
1978-12-31,Everything Is Beautiful,2
1978-12-31,Fame,2
1978-12-31,Grease,2
1978-12-31,"Gypsys, Tramps & Thieves",2
1978-12-31,Half-Breed,2
1978-12-31,I Can Help,2
1978-12-31,I Can't Get Next To You,2
1978-12-31,I Honestly Love You,2
1978-12-31,If You Leave Me Now,2
1978-12-31,Jive Talkin',2
1978-12-31,Just My Imagination (Running Away With Me),2
1978-12-31,Keep On Truckin' (Part 1),2
1978-12-31,Kiss And Say Goodbye,2
1978-12-31,Kung Fu Fighting,2
1978-12-31,Let It Be,2
1978-12-31,Let's Get It On,2
1978-12-31,Love Hangover,2
1978-12-31,Love Theme From Romeo & Juliet,2
1978-12-31,Lucy In The Sky With Diamonds,2
1978-12-31,Mama Told Me (Not To Come),2
1978-12-31,Me And Bobby McGee,2
1978-12-31,Midnight Train To Georgia,2
1978-12-31,My Ding-A-Ling,2
1978-12-31,Na Na Hey Hey Kiss Him Goodbye,2
1978-12-31,Philadelphia Freedom,2
1978-12-31,Rhinestone Cowboy,2
1978-12-31,Rich Girl,2
1978-12-31,Rock Your Baby,2
1978-12-31,Star Wars Theme/Cantina Band,2
1978-12-31,TSOP (The Sound Of Philadelphia),2
1978-12-31,Thank You Falettinme Be Mice Elf Agin/Everybody Is A Star,2
1978-12-31,That's The Way (I Like It),2
1978-12-31,The Loco-Motion,2
1978-12-31,The Long And Winding Road/For You Blue,2
1978-12-31,The Love You Save/I Found That Girl,2
1978-12-31,The Morning After,2
1978-12-31,The Most Beautiful Girl,2
1978-12-31,The Night The Lights Went Out In Georgia,2
1978-12-31,The Tears Of A Clown,2
1978-12-31,Theme From Shaft,2
1978-12-31,Three Times A Lady,2
1978-12-31,Time In A Bottle,2
1978-12-31,Top Of The World,2
1978-12-31,Torn Between Two Lovers,2
1978-12-31,Will It Go Round In Circles,2
1978-12-31,With A Little Luck,2
1978-12-31,You Don't Bring Me Flowers,2
1978-12-31,(Hey Won't You Play) Another Somebody Done Somebody Wrong Song,1
1978-12-31,"(Shake, Shake, Shake) Shake Your Booty",1
1978-12-31,A Fifth Of Beethoven,1
1978-12-31,Angie,1
1978-12-31,Angie Baby,1
1978-12-31,Band On The Run,1
1978-12-31,Before The Next Teardrop Falls,1
1978-12-31,Ben,1
1978-12-31,Bennie And The Jets,1
1978-12-31,Black & White,1
1978-12-31,Black Water,1
1978-12-31,Blinded By The Light,1
1978-12-31,Boogie Fever,1
1978-12-31,Brandy (You're A Fine Girl),1
1978-12-31,"Can't Get Enough Of Your Love, Babe",1
1978-12-31,Car Wash,1
1978-12-31,Cat's In The Cradle,1
1978-12-31,Come Together/Something,1
1978-12-31,Convoy,1
1978-12-31,Cracklin' Rosie,1
1978-12-31,Da Doo Ron Ron,1
1978-12-31,Dancing Queen,1
1978-12-31,Dark Lady,1
1978-12-31,Delta Dawn,1
1978-12-31,Disco Duck (Part I),1
1978-12-31,Don't Give Up On Us,1
1978-12-31,Don't Leave Me This Way,1
1978-12-31,Dreams,1
1978-12-31,Fallin' In Love,1
1978-12-31,Feel Like Makin' Love,1
1978-12-31,Fire,1
1978-12-31,Frankenstein,1
1978-12-31,Get Down Tonight,1
1978-12-31,Give Me Love - (Give Me Peace On Earth),1
1978-12-31,Gonna Fly Now,1
1978-12-31,Got To Give It Up (Pt. I),1
1978-12-31,Have You Never Been Mellow,1
1978-12-31,Heart Of Gold,1
1978-12-31,Hooked On A Feeling,1
1978-12-31,Hot Child In The City,1
1978-12-31,Hotel California,1
1978-12-31,I Am Woman,1
1978-12-31,I Shot The Sheriff,1
1978-12-31,I Want You Back,1
1978-12-31,I Wish,1
1978-12-31,I Write The Songs,1
1978-12-31,I'll Take You There,1
1978-12-31,I'm Sorry,1
1978-12-31,I'm Your Boogie Man,1
1978-12-31,If I Can't Have You,1
1978-12-31,Indian Reservation (The Lament Of The Cherokee Reservation Indian),1
1978-12-31,Lady Marmalade,1
1978-12-31,Laughter In The Rain,1
1978-12-31,Leaving On A Jet Plane,1
1978-12-31,Let Your Love Flow,1
1978-12-31,Let's Do It Again,1
1978-12-31,Let's Stay Together,1
1978-12-31,Listen To What The Man Said,1
1978-12-31,Looks Like We Made It,1
1978-12-31,Love Machine (Part 1),1
1978-12-31,Love Rollercoaster,1
1978-12-31,Love Train,1
1978-12-31,Love's Theme,1
1978-12-31,Lovin' You,1
1978-12-31,Make It With You,1
1978-12-31,Mandy,1
1978-12-31,Miss You,1
1978-12-31,My Eyes Adored You,1
1978-12-31,New Kid In Town,1
1978-12-31,Nothing From Nothing,1
1978-12-31,Oh Girl,1
1978-12-31,One Of These Nights,1
1978-12-31,Papa Was A Rollin' Stone,1
1978-12-31,Photograph,1
1978-12-31,Pick Up The Pieces,1
1978-12-31,Please Mr. Postman,1
1978-12-31,Rock Me Gently,1
1978-12-31,Rock The Boat,1
1978-12-31,Rock'n Me,1
1978-12-31,Saturday Night,1
1978-12-31,Shining Star,1
1978-12-31,Show And Tell,1
1978-12-31,Sister Golden Hair,1
1978-12-31,Someday We'll Be Together,1
1978-12-31,Song Sung Blue,1
1978-12-31,Southern Nights,1
1978-12-31,Sundown,1
1978-12-31,Sunshine On My Shoulders,1
1978-12-31,Superstition,1
1978-12-31,Suspicious Minds,1
1978-12-31,Thank God I'm A Country Boy,1
1978-12-31,The Hustle,1
1978-12-31,The Joker,1
1978-12-31,The Night Chicago Died,1
1978-12-31,Theme From Mahogany (Do You Know Where You're Going To),1
1978-12-31,Theme From S.W.A.T.,1
1978-12-31,Then Came You,1
1978-12-31,"Too Much, Too Little, Too Late",1
1978-12-31,Touch Me In The Morning,1
1978-12-31,Uncle Albert/Admiral Halsey,1
1978-12-31,Undercover Angel,1
1978-12-31,Venus,1
1978-12-31,Want Ads,1
1978-12-31,We're An American Band,1
1978-12-31,Welcome Back,1
1978-12-31,Whatever Gets You Thru The Night,1
1978-12-31,When I Need You,1
1978-12-31,You Ain't Seen Nothing Yet/Free Wheelin',1
1978-12-31,You Are The Sunshine Of My Life,1
1978-12-31,You Don't Have To Be A Star (To Be In My Show),1
1978-12-31,You Haven't Done Nothin,1
1978-12-31,You Make Me Feel Like Dancing,1
1978-12-31,You Needed Me,1
1978-12-31,You Should Be Dancing,1
1978-12-31,You're No Good,1
1978-12-31,You're Sixteen,1
1978-12-31,You're The One That I Want,1
1978-12-31,You've Got A Friend,1
1988-12-31,Physical,10
1988-12-31,Bette Davis Eyes,9
1988-12-31,Endless Love,9
1988-12-31,Every Breath You Take,8
1988-12-31,Billie Jean,7
1988-12-31,Ebony And Ivory,7
1988-12-31,I Love Rock 'N Roll,7
1988-12-31,Call Me,6
1988-12-31,Centerfold,6
1988-12-31,Eye Of The Tiger,6
1988-12-31,Flashdance...What A Feeling,6
1988-12-31,Lady,6
1988-12-31,Like A Virgin,6
1988-12-31,My Sharona,6
1988-12-31,Say Say Say,6
1988-12-31,(Just Like) Starting Over,5
1988-12-31,Bad Girls,5
1988-12-31,Jump,5
1988-12-31,When Doves Cry,5
1988-12-31,All Night Long (All Night),4
1988-12-31,Another Brick In The Wall (Part II),4
1988-12-31,Crazy Little Thing Called Love,4
1988-12-31,Da Ya Think I'm Sexy?,4
1988-12-31,Down Under,4
1988-12-31,Faith,4
1988-12-31,Funkytown,4
1988-12-31,Jack & Diane,4
1988-12-31,Livin  On A Prayer,4
1988-12-31,Magic,4
1988-12-31,Maneater,4
1988-12-31,Reunited,4
1988-12-31,Rock With You,4
1988-12-31,Roll With It,4
1988-12-31,"Say You, Say Me (Title Song From White Nights)",4
1988-12-31,That s What Friends Are For,4
1988-12-31,Total Eclipse Of The Heart,4
1988-12-31,Upside Down,4
1988-12-31,Walk Like An Egyptian,4
1988-12-31,We Are The World,4
1988-12-31,Against All Odds (Take A Look At Me Now),3
1988-12-31,Alone,3
1988-12-31,Another One Bites The Dust,3
1988-12-31,Arthur's Theme (Best That You Can Do),3
1988-12-31,Beat It,3
1988-12-31,Can t Fight This Feeling,3
1988-12-31,Careless Whisper,3
1988-12-31,Coming Up (Live At Glasgow),3
1988-12-31,Don't You Want Me,3
1988-12-31,Escape (The Pina Colada Song),3
1988-12-31,Footloose,3
1988-12-31,Ghostbusters,3
1988-12-31,Greatest Love Of All,3
1988-12-31,Hot Stuff,3
1988-12-31,I Just Called To Say I Love You,3
1988-12-31,I Will Survive,3
1988-12-31,Karma Chameleon,3
1988-12-31,Kiss On My List,3
1988-12-31,La Bamba,3
1988-12-31,Le Freak,3
1988-12-31,Money For Nothing,3
1988-12-31,On My Own,3
1988-12-31,One More Try,3
1988-12-31,Rock Me Amadeus,3
1988-12-31,Shout,3
1988-12-31,Stuck With You,3
1988-12-31,Up Where We Belong,3
1988-12-31,Wake Me Up Before You Go-Go,3
1988-12-31,What's Love Got To Do With It,3
1988-12-31,With Or Without You,3
1988-12-31,Woman In Love,3
1988-12-31,(I Just) Died In Your Arms,2
1988-12-31,9 To 5,2
1988-12-31,A View To A Kill,2
1988-12-31,Abracadabra,2
1988-12-31,Amanda,2
1988-12-31,Anything For You,2
1988-12-31,At This Moment,2
1988-12-31,Babe,2
1988-12-31,"Baby, Come To Me",2
1988-12-31,Bad,2
1988-12-31,Bad Medicine,2
1988-12-31,Broken Wings,2
1988-12-31,Caribbean Queen (No More Love On The Run),2
1988-12-31,Celebration,2
1988-12-31,Could ve Been,2
1988-12-31,Didn t We Almost Have It All,2
1988-12-31,"Don t Worry, Be Happy (From ""Cocktail"")",2
1988-12-31,Every Rose Has Its Thorn,2
1988-12-31,Everybody Wants To Rule The World,2
1988-12-31,Everything She Wants,2
1988-12-31,Father Figure,2
1988-12-31,"Get Outta My Dreams, Get Into My Car",2
1988-12-31,"Glory Of Love (Theme From ""The Karate Kid Part II"")",2
1988-12-31,Groovy Kind Of Love,2
1988-12-31,Hard To Say I'm Sorry,2
1988-12-31,Heaven,2
1988-12-31,Hello,2
1988-12-31,How Will I Know,2
1988-12-31,I Knew You Were Waiting (For Me),2
1988-12-31,I Love A Rainy Night,2
1988-12-31,I Still Haven t Found What I m Looking For,2
1988-12-31,I Think We re Alone Now,2
1988-12-31,I Wanna Dance With Somebody (Who Loves Me),2
1988-12-31,I Want To Know What Love Is,2
1988-12-31,Islands In The Stream,2
1988-12-31,It's Still Rock And Roll To Me,2
1988-12-31,Jessie's Girl,2
1988-12-31,Kiss,2
1988-12-31,Kyrie,2
1988-12-31,Lean On Me,2
1988-12-31,Let's Go Crazy,2
1988-12-31,Let's Hear It For The Boy,2
1988-12-31,Look Away,2
1988-12-31,Man In The Mirror,2
1988-12-31,Maniac,2
1988-12-31,Monkey,2
1988-12-31,Morning Train (Nine To Five),2
1988-12-31,Never Gonna Give You Up,2
1988-12-31,No More Tears (Enough Is Enough),2
1988-12-31,Nothing s Gonna Stop Us Now,2
1988-12-31,One More Night,2
1988-12-31,Out Of Touch,2
1988-12-31,Owner Of A Lonely Heart,2
1988-12-31,Papa Don t Preach,2
1988-12-31,Private Eyes,2
1988-12-31,Rapture,2
1988-12-31,Ring My Bell,2
1988-12-31,Rise,2
1988-12-31,St. Elmo s Fire (Man In Motion),2
1988-12-31,Sweet Child O  Mine,2
1988-12-31,The Flame,2
1988-12-31,The Power Of Love,2
1988-12-31,The Reflex,2
1988-12-31,Time After Time,2
1988-12-31,Too Much Heaven,2
1988-12-31,Tragedy,2
1988-12-31,True Colors,2
1988-12-31,Truly,2
1988-12-31,We Built This City,2
1988-12-31,When I Think Of You,2
1988-12-31,Where Do Broken Hearts Go,2
1988-12-31,(I ve Had) The Time Of My Life,1
1988-12-31,Addicted To Love,1
1988-12-31,Africa,1
1988-12-31,Always,1
1988-12-31,"Baby, I Love Your Way/Freebird Medley",1
1988-12-31,Chariots Of Fire - Titles,1
1988-12-31,Come On Eileen,1
1988-12-31,Crazy For You,1
1988-12-31,Dirty Diana,1
1988-12-31,Do That To Me One More Time,1
1988-12-31,Don t You (Forget About Me),1
1988-12-31,Don't Stop 'Til You Get Enough,1
1988-12-31,Everytime You Go Away,1
1988-12-31,Foolish Beat,1
1988-12-31,Good Times,1
1988-12-31,Got My Mind Set On You,1
1988-12-31,Head To Toe,1
1988-12-31,Heart Of Glass,1
1988-12-31,Heartache Tonight,1
1988-12-31,Heaven Is A Place On Earth,1
1988-12-31,Here I Go Again,1
1988-12-31,Higher Love,1
1988-12-31,Hold On To The Nights,1
1988-12-31,Holding Back The Years,1
1988-12-31,Human,1
1988-12-31,I Can't Go For That (No Can Do),1
1988-12-31,I Just Can t Stop Loving You,1
1988-12-31,Invisible Touch,1
1988-12-31,Jacob s Ladder,1
1988-12-31,Keep On Loving You,1
1988-12-31,Knock On Wood,1
1988-12-31,"Kokomo (From The ""Cocktail"" Soundtrack)",1
1988-12-31,Let's Dance,1
1988-12-31,Live To Tell,1
1988-12-31,Lost In Emotion,1
1988-12-31,Love Bites,1
1988-12-31,Love You Inside Out,1
1988-12-31,Medley,1
1988-12-31,Miami Vice Theme,1
1988-12-31,Mickey,1
1988-12-31,Missing You,1
1988-12-31,Mony Mony,1
1988-12-31,Need You Tonight,1
1988-12-31,Oh Sheila,1
1988-12-31,Open Your Heart,1
1988-12-31,Part-Time Lover,1
1988-12-31,Please Don't Go,1
1988-12-31,Pop Muzik,1
1988-12-31,Red Red Wine,1
1988-12-31,Sad Eyes,1
1988-12-31,Sailing,1
1988-12-31,Sara,1
1988-12-31,Saving All My Love For You,1
1988-12-31,Seasons Change,1
1988-12-31,Separate Lives (Theme From White Nights),1
1988-12-31,Shake You Down,1
1988-12-31,"Shakedown (From ""Beverly Hills Cop II"")",1
1988-12-31,Sledgehammer,1
1988-12-31,So Emotional,1
1988-12-31,Still,1
1988-12-31,Sussudio,1
1988-12-31,Sweet Dreams (Are Made Of This),1
1988-12-31,"Take My Breath Away (Love Theme From ""Top Gun"")",1
1988-12-31,Take On Me,1
1988-12-31,Tell Her About It,1
1988-12-31,The Next Time I Fall,1
1988-12-31,The One That You Love,1
1988-12-31,The Tide Is High,1
1988-12-31,The Way It Is,1
1988-12-31,The Way You Make Me Feel,1
1988-12-31,There ll Be Sad Songs (To Make You Cry),1
1988-12-31,These Dreams,1
1988-12-31,Together Forever,1
1988-12-31,Venus,1
1988-12-31,West End Girls,1
1988-12-31,What A Fool Believes,1
1988-12-31,Who Can It Be Now?,1
1988-12-31,Who s That Girl,1
1988-12-31,"Wild, Wild West",1
1988-12-31,Wishing Well,1
1988-12-31,You Give Love A Bad Name,1
1988-12-31,You Keep Me Hangin  On,1
1998-12-31,One Sweet Day,16
1998-12-31,Candle In The Wind 1997/Something About The Way You Look Tonight,14
1998-12-31,"I Will Always Love You (From ""The Bodyguard"")",14
1998-12-31,I ll Make Love To You,14
1998-12-31,Macarena (Bayside Boys Mix),14
1998-12-31,"End Of The Road (From ""Boomerang"")",13
1998-12-31,The Boy Is Mine,13
1998-12-31,I Swear,11
1998-12-31,Un-Break My Heart,11
1998-12-31,Dreamlover,8
1998-12-31,Fantasy,8
1998-12-31,Jump,8
1998-12-31,Tha Crossroads,8
1998-12-31,That s The Way Love Goes,8
1998-12-31,"(Everything I Do) I Do It For You (From ""Robin Hood"")",7
1998-12-31,Black Or White,7
1998-12-31,"Can t Help Falling In Love (From ""Sliver"")",7
1998-12-31,I ll Be Missing You,7
1998-12-31,Informer,7
1998-12-31,Take A Bow,7
1998-12-31,This Is How We Do It,7
1998-12-31,Waterfalls,7
1998-12-31,"Because You Loved Me (From ""Up Close & Personal"")",6
1998-12-31,Can't Nobody Hold Me Down,6
1998-12-31,On Bended Knee,6
1998-12-31,The Sign,6
1998-12-31,Baby Got Back,5
1998-12-31,Have You Ever Really Loved A Woman?,5
1998-12-31,Rush Rush,5
1998-12-31,Save The Best For Last,5
1998-12-31,The First Night,5
1998-12-31,Too Close,5
1998-12-31,Another Day In Paradise,4
1998-12-31,Because I Love You (The Postman Song),4
1998-12-31,Bump N  Grind,4
1998-12-31,Creep,4
1998-12-31,Hero,4
1998-12-31,I m Your Angel,4
1998-12-31,I'd Do Anything For Love (But I Won't Do That),4
1998-12-31,I'll Be Missing You,4
1998-12-31,Miss You Much,4
1998-12-31,No Diggity,4
1998-12-31,Nothing Compares 2 U,4
1998-12-31,The Power Of Love,4
1998-12-31,Vision Of Love,4
1998-12-31,Wannabe,4
1998-12-31,All For Love,3
1998-12-31,All My Life,3
1998-12-31,Emotions,3
1998-12-31,Escapade,3
1998-12-31,"Gangsta's Paradise (From ""Dangerous Minds"")",3
1998-12-31,Gettin' Jiggy Wit It,3
1998-12-31,Honey,3
1998-12-31,How Am I Supposed To Live Without You,3
1998-12-31,Hypnotize,3
1998-12-31,I Don't Want To Miss A Thing,3
1998-12-31,I m Too Sexy,3
1998-12-31,Like A Prayer,3
1998-12-31,Lost In Your Eyes,3
1998-12-31,Love Takes Time,3
1998-12-31,Mmmbop,3
1998-12-31,Opposites Attract,3
1998-12-31,Right Here Waiting,3
1998-12-31,"Stay (I Missed You) (From ""Reality Bites"")",3
1998-12-31,Step By Step,3
1998-12-31,Straight Up,3
1998-12-31,To Be With You,3
1998-12-31,Vogue,3
1998-12-31,Again,2
1998-12-31,All The Man That I Need,2
1998-12-31,Always Be My Baby,2
1998-12-31,Baby Baby,2
1998-12-31,Black Velvet,2
1998-12-31,Blame It On The Rain,2
1998-12-31,Coming Out Of The Dark,2
1998-12-31,Cream,2
1998-12-31,Doo Wop (That Thing),2
1998-12-31,Forever Your Girl,2
1998-12-31,Freak Me,2
1998-12-31,Girl I m Gonna Miss You,2
1998-12-31,Gonna Make You Sweat,2
1998-12-31,"Here Comes The Hotstepper (From ""Ready To Wear"")",2
1998-12-31,How Do U Want It/California Love,2
1998-12-31,How Do You Talk To An Angel,2
1998-12-31,I Adore Mi Amor,2
1998-12-31,I Don t Wanna Cry,2
1998-12-31,I ll Be There,2
1998-12-31,"It Must Have Been Love (From ""Pretty Woman"")",2
1998-12-31,Justify My Love,2
1998-12-31,Mo Money Mo Problems,2
1998-12-31,My Heart Will Go On,2
1998-12-31,Nice & Slow,2
1998-12-31,Release Me,2
1998-12-31,She Ain t Worth It,2
1998-12-31,Someday,2
1998-12-31,The First Time,2
1998-12-31,Together Again,2
1998-12-31,Toy Soldiers,2
1998-12-31,Truly Madly Deeply,2
1998-12-31,Two Hearts,2
1998-12-31,We Didn t Start The Fire,2
1998-12-31,Weak,2
1998-12-31,When I See You Smile,2
1998-12-31,(Can t Live Without Your) Love And Affection,1
1998-12-31,4 Seasons Of Loneliness,1
1998-12-31,A Whole New World (Aladdin s Theme),1
1998-12-31,All 4 Love,1
1998-12-31,Baby Don t Forget My Number,1
1998-12-31,"Batdance (From ""Batman"")",1
1998-12-31,Black Cat,1
1998-12-31,"Blaze Of Glory (From ""Young Guns II"")",1
1998-12-31,Close To You,1
1998-12-31,Cold Hearted,1
1998-12-31,Don t Let The Sun Go Down On Me,1
1998-12-31,Don t Wanna Lose You,1
1998-12-31,Eternal Flame,1
1998-12-31,Every Rose Has Its Thorn,1
1998-12-31,"Exhale (Shoop Shoop) (From ""Waiting To Exhale"")",1
1998-12-31,Good Thing,1
1998-12-31,Good Vibrations,1
1998-12-31,Hangin  Tough,1
1998-12-31,Hold On,1
1998-12-31,I Don t Have The Heart,1
1998-12-31,I Don t Want To Miss A Thing,1
1998-12-31,I Like The Way (The Kissing Game),1
1998-12-31,I d Do Anything For Love (But I Won t Do That),1
1998-12-31,I ll Be Loving You (Forever),1
1998-12-31,I ll Be There For You,1
1998-12-31,I ll Be Your Everything,1
1998-12-31,I m Your Baby Tonight,1
1998-12-31,I ve Been Thinking About You,1
1998-12-31,Ice Ice Baby,1
1998-12-31,If Wishes Came True,1
1998-12-31,If You Don t Know Me By Now,1
1998-12-31,Joyride,1
1998-12-31,"Kiss From A Rose (From ""Batman Forever"")",1
1998-12-31,Lately,1
1998-12-31,Listen To Your Heart,1
1998-12-31,Love Will Lead You Back,1
1998-12-31,Love Will Never Do (Without You),1
1998-12-31,More Than Words,1
1998-12-31,My All,1
1998-12-31,My Prerogative,1
1998-12-31,One More Try,1
1998-12-31,One Week,1
1998-12-31,Praying For Time,1
1998-12-31,"Rock On (From ""Dream A Little Dream"")",1
1998-12-31,Romantic,1
1998-12-31,Satisfied,1
1998-12-31,Set Adrift On Memory Bliss,1
1998-12-31,She Drives Me Crazy,1
1998-12-31,The Living Years,1
1998-12-31,The Look,1
1998-12-31,The Promise Of A New Day,1
1998-12-31,This Used To Be My Playground,1
1998-12-31,Unbelievable,1
1998-12-31,When A Man Loves A Woman,1
1998-12-31,When I m With You,1
1998-12-31,"Wind Beneath My Wings (From ""Beaches"")",1
1998-12-31,You Are Not Alone,1
1998-12-31,You re In Love,1
1998-12-31,You're Makin' Me High/Let It Flow,1
2008-12-31,We Belong Together,14
2008-12-31,Lose Yourself,12
2008-12-31,Smooth,12
2008-12-31,Yeah!,12
2008-12-31,Independent Women Part I,11
2008-12-31,Dilemma,10
2008-12-31,Foolish,10
2008-12-31,Gold Digger,10
2008-12-31,Irreplaceable,10
2008-12-31,Low,10
2008-12-31,Maria Maria,10
2008-12-31,Baby Boy,9
2008-12-31,Candy Shop,9
2008-12-31,Hey Ya!,9
2008-12-31,In Da Club,9
2008-12-31,Let Me Love You,9
2008-12-31,Burn,8
2008-12-31,Crazy In Love,8
2008-12-31,All For You,7
2008-12-31,Crank That (Soulja Boy),7
2008-12-31,Goodies,7
2008-12-31,Hot In Herre,7
2008-12-31,I Kissed A Girl,7
2008-12-31,SexyBack,7
2008-12-31,Umbrella,7
2008-12-31,Whatever You Like,7
2008-12-31,Ain't It Funny,6
2008-12-31,Fallin',6
2008-12-31,Family Affair,6
2008-12-31,Live Your Life,6
2008-12-31,My Boo,6
2008-12-31,Promiscuous,6
2008-12-31,U Got It Bad,6
2008-12-31,Bad Day,5
2008-12-31,Check On It,5
2008-12-31,Genie In A Bottle,5
2008-12-31,I'm Real,5
2008-12-31,If You Had My Love,5
2008-12-31,Lady Marmalade,5
2008-12-31,Livin  La Vida Loca,5
2008-12-31,Lollipop,5
2008-12-31,No One,5
2008-12-31,Run It!,5
2008-12-31,21 Questions,4
2008-12-31,All I Have,4
2008-12-31,Angel Of Mine,4
2008-12-31,Beautiful Girls,4
2008-12-31,Believe,4
2008-12-31,Bleeding Love,4
2008-12-31,Come On Over Baby (All I Want Is You),4
2008-12-31,Hollaback Girl,4
2008-12-31,How You Remind Me,4
2008-12-31,I Knew I Loved You,4
2008-12-31,Music,4
2008-12-31,No Scrubs,4
2008-12-31,Shake Ya Tailfeather,4
2008-12-31,Stutter,4
2008-12-31,U Remind Me,4
2008-12-31,Be With You,3
2008-12-31,Doesn t Really Matter,3
2008-12-31,Drop It Like It's Hot,3
2008-12-31,Get Busy,3
2008-12-31,Kiss Kiss,3
2008-12-31,Lean Back,3
2008-12-31,London Bridge,3
2008-12-31,Love In This Club,3
2008-12-31,Makes Me Wonder,3
2008-12-31,My Love,3
2008-12-31,SOS,3
2008-12-31,Say My Name,3
2008-12-31,Unpretty,3
2008-12-31,...Baby One More Time,2
2008-12-31,A Moment Like This,2
2008-12-31,Always On Time,2
2008-12-31,Amazed,2
2008-12-31,Bailamos,2
2008-12-31,Bootylicious,2
2008-12-31,Butterfly,2
2008-12-31,Confessions Part II,2
2008-12-31,Disturbia,2
2008-12-31,Don't Forget About Us,2
2008-12-31,Don't Matter,2
2008-12-31,Give It To Me,2
2008-12-31,Glamorous,2
2008-12-31,Grillz,2
2008-12-31,Have You Ever?,2
2008-12-31,Heartbreaker,2
2008-12-31,Hey There Delilah,2
2008-12-31,Hips Don't Lie,2
2008-12-31,I Wanna Love You,2
2008-12-31,I m Your Angel,2
2008-12-31,Incomplete,2
2008-12-31,It Wasn't Me,2
2008-12-31,It s Gonna Be Me,2
2008-12-31,Money Maker,2
2008-12-31,Ridin',2
2008-12-31,Single Ladies (Put A Ring On It),2
2008-12-31,Slow Motion,2
2008-12-31,So Sick,2
2008-12-31,This Is The Night,2
2008-12-31,This Is Why I'm Hot,2
2008-12-31,Touch My Body,2
2008-12-31,What A Girl Wants,2
2008-12-31,Angel,1
2008-12-31,Bent,1
2008-12-31,Big Girls Don't Cry,1
2008-12-31,"Bills, Bills, Bills",1
2008-12-31,"Bump, Bump, Bump",1
2008-12-31,Buy U A Drank (Shawty Snappin'),1
2008-12-31,Do I Make You Proud,1
2008-12-31,Everything You Want,1
2008-12-31,Girlfriend,1
2008-12-31,I Believe,1
2008-12-31,Inside Your Heaven,1
2008-12-31,Laffy Taffy,1
2008-12-31,Ms. Jackson,1
2008-12-31,Say It Right,1
2008-12-31,Slow Jamz,1
2008-12-31,So What,1
2008-12-31,Stand Up,1
2008-12-31,Stronger,1
2008-12-31,Take A Bow,1
2008-12-31,Temperature,1
2008-12-31,Thank God I Found You,1
2008-12-31,The Way You Move,1
2008-12-31,Try Again,1
2008-12-31,Viva La Vida,1
2008-12-31,What Goes Around...Comes Around,1
2008-12-31,Wild Wild West,1
2008-12-31,With Arms Wide Open,1
2008-12-31,Womanizer,1
2008-12-31,You're Beautiful,1
2018-12-31,Despacito,16
2018-12-31,I Gotta Feeling,14
2018-12-31,Uptown Funk!,14
2018-12-31,Blurred Lines,12
2018-12-31,Boom Boom Pow,12
2018-12-31,Closer,12
2018-12-31,See You Again,12
2018-12-31,Shape Of You,12
2018-12-31,God's Plan,11
2018-12-31,Happy,10
2018-12-31,In My Feelings,10
2018-12-31,One Dance,10
2018-12-31,We Found Love,10
2018-12-31,Call Me Maybe,9
2018-12-31,One More Night,9
2018-12-31,Royals,9
2018-12-31,TiK ToK,9
2018-12-31,Work,9
2018-12-31,All About That Bass,8
2018-12-31,Hello,8
2018-12-31,Nice For What,8
2018-12-31,Rockstar,8
2018-12-31,Somebody That I Used To Know,8
2018-12-31,Black Beatles,7
2018-12-31,Blank Space,7
2018-12-31,Fancy,7
2018-12-31,Girls Like You,7
2018-12-31,Love The Way You Lie,7
2018-12-31,Rolling In The Deep,7
2018-12-31,Born This Way,6
2018-12-31,California Gurls,6
2018-12-31,Cheerleader,6
2018-12-31,Locked Out Of Heaven,6
2018-12-31,Party Rock Anthem,6
2018-12-31,Right Round,6
2018-12-31,Rude,6
2018-12-31,The Hills,6
2018-12-31,Thrift Shop,6
2018-12-31,We Are Young,6
2018-12-31,Can't Hold Us,5
2018-12-31,E.T.,5
2018-12-31,Empire State Of Mind,5
2018-12-31,Harlem Shake,5
2018-12-31,Perfect,5
2018-12-31,Rude Boy,5
2018-12-31,Someone Like You,5
2018-12-31,Cheap Thrills,4
2018-12-31,Dark Horse,4
2018-12-31,Firework,4
2018-12-31,Grenade,4
2018-12-31,Just The Way You Are,4
2018-12-31,Moves Like Jagger,4
2018-12-31,OMG,4
2018-12-31,Shake It Off,4
2018-12-31,The Monster,4
2018-12-31,All Of Me,3
2018-12-31,Bad And Boujee,3
2018-12-31,Bodak Yellow (Money Moves),3
2018-12-31,Can't Feel My Face,3
2018-12-31,Diamonds,3
2018-12-31,Just Dance,3
2018-12-31,Just Give Me A Reason,3
2018-12-31,Like A G6,3
2018-12-31,Look What You Made Me Do,3
2018-12-31,Sorry,3
2018-12-31,Stronger (What Doesn't Kill You),3
2018-12-31,Timber,3
2018-12-31,We Are Never Ever Getting Back Together,3
2018-12-31,Wrecking Ball,3
2018-12-31,Down,2
2018-12-31,Fireflies,2
2018-12-31,Imma Be,2
2018-12-31,Last Friday Night (T.G.I.F.),2
2018-12-31,Love Yourself,2
2018-12-31,My Life Would Suck Without You,2
2018-12-31,Nothin' On You,2
2018-12-31,Panda,2
2018-12-31,Roar,2
2018-12-31,Set Fire To The Rain,2
2018-12-31,Sexy And I Know It,2
2018-12-31,Single Ladies (Put A Ring On It),2
2018-12-31,Teenage Dream,2
2018-12-31,"Thank U, Next",2
2018-12-31,This Is America,2
2018-12-31,Whistle,2
2018-12-31,3,1
2018-12-31,Bad Blood,1
2018-12-31,Black And Yellow,1
2018-12-31,Break Your Heart,1
2018-12-31,Can't Stop The Feeling!,1
2018-12-31,Crack A Bottle,1
2018-12-31,Give Me Everything,1
2018-12-31,Havana,1
2018-12-31,Hold It Against Me,1
2018-12-31,Humble.,1
2018-12-31,I Like It,1
2018-12-31,I'm The One,1
2018-12-31,Not Afraid,1
2018-12-31,Only Girl (In The World),1
2018-12-31,Part Of Me,1
2018-12-31,Pillowtalk,1
2018-12-31,Poker Face,1
2018-12-31,Psycho,1
2018-12-31,Raise Your Glass,1
2018-12-31,S&M,1
2018-12-31,Sad!,1
2018-12-31,Starboy,1
2018-12-31,That's What I Like,1
2018-12-31,We R Who We R,1
2018-12-31,What Do You Mean?,1
2018-12-31,What's My Name?,1
2018-12-31,Whatcha Say,1
2018-12-31,When I Was Your Man,1
