Name,Location,Price,Region,Style,Likes
LAB EAT Restaurant & Bar,尖沙咀金巴利道87-89號僑豐大厦地下1-2號舖,$201-400,西式,酒,432
Shine,尖沙咀北京道12A號太子集團中心6樓,$201-400,西式,海鮮,687
Yadllie Plate,旺角西洋菜街1號兆萬中心11樓,$101-200,西式,酒,484
漁獲浜燒 Toretore Hamayaki,銅鑼灣軒尼詩道525號澳門逸園中心18樓,$201-400,韓國菜,韓式炸雞,498
The Grill Room,銅鑼灣駱克道459-461號The L. Square 5樓,$201-400,日本菜,日本菜,508
Sky726,旺角彌敦道724-726號25樓,$201-400,西式,扒房,367
樂園 Happyland,尖沙咀北京道65-69號環球商業大廈2樓205-06室,$101-200,法國菜,甜品/糖水,571
Burgeroom,尖沙咀彌敦道132號美麗華廣場一期2 樓 207 號舖,$51-100,西式,樓上cafe,433
The Joomak,尖沙咀廣東道3-27號海港城海運大廈3樓LCX 34號舖,$101-200,美國菜,漢堡包,467
The Hwaduk,銅鑼灣開平道1號Cubus 21樓,$101-200,韓國菜,沙律,447
和匠日式燒肉店 Wa Shou Yakiniku,佐敦長樂街23-27號德威大廈地下3號舖,$201-400,韓國菜,韓式炸雞,481
嵐山日本料理 Arashiyama Japanese Restaurant,尖沙咀棉登徑11號地舖,$201-400,日本菜,烤肉,339
Doux,旺角彌敦道726號18樓全層,$101-200,日本菜,壽司/刺身,380
Running 燒 Running BBQ,旺角彌敦道726號9樓,$201-400,多國菜,甜品/糖水,388
Plato Cafe & Bistro,油麻地彌敦道483-485號2樓,$101-200,日本菜,爐端燒,407
一起果醬 Let's Jam,尖沙咀松山道15-17號地下D舖,$101-200,西式,甜品/糖水,405
肚餓了串燒烤焗專門店 Hungry Bird,尖沙咀亞士厘道17-19號6樓,$101-200,西式,甜品/糖水,449
Ocio,旺角煙廠街33號朗廷軒地下B舖,$101-200,港式,海鮮,431
街坊Cafe Kaifong Cafe,"旺角通菜街1號威達商業大厦地下1E,F& H號舖",$51-100,多國菜,甜品/糖水,409
Dodam Chicken,銅鑼灣波斯富街99號利舞臺廣場18樓A號舖,$101-200,港式,甜品/糖水,398
殿 大喜屋日本料理 TONO DAIKIYA Japanese Restaurant,尖沙咀金巴利道26號1樓,$201-400,韓國菜,韓式炸雞,326
Diletto,尖沙咀漆咸道南11-15號余仁生中心1樓,$201-400,日本菜,壽司/刺身,298
神戶屋日韓放題 Kobe Fusion Restaurant,旺角西洋菜街1號兆萬中心8樓,$201-400,意大利菜,扒房,547
吞POT 雞煲火鍋.住家菜 Lazy Pot,旺角彌敦道726號23樓,$101-200,韓國菜,壽司/刺身,304
串酒里 KEBABEER,尖沙咀山林道6號B舖 (漢國中心對面),$201-400,港式,火鍋,358
OPPA韓國燒肉店 OPPA Korean Restaurant,旺角洗衣街117號建煌華廈地下,$101-200,日本菜,烤肉,300
孖啡 Double Cafe,旺角彌敦道577號高氏大樓4樓,$51-100,韓國菜,海鮮,294
Cambo ขุนทอง,尖沙咀彌敦道100號The ONE 4樓L403舖,$101-200,西式,甜品/糖水,383
Mr. Crab by The Captain's House,灣仔莊士敦道74-78號一樓及地下C號舖,$101-200,西式,咖啡店,353
EAT ME Bar & Restaurant,旺角彌敦道560號譽發廣場5樓全層,$101-200,西式,海鮮,474
掌壽司 Tenohira Sushi,觀塘開源道60號駱駝漆大廈3座5樓U室,$201-400,多國菜,咖啡店,308
S2 Kitchen,中環威靈頓街51號地下A舖,$201-400,日本菜,壽司/刺身,436
I's Land Cafe,觀塘開源道62號駱駝漆大廈1座6樓A舖,$101-200,日本菜,壽司/刺身,301
Pom's Kitchen & Deli,佐敦德興街7號A-B號舖,$101-200,港式,西式糕點,268
Manhattan Grill & Bar,觀塘觀塘道414號一亞太中心(OPC)3樓303號舖,$201-400,西式,西餐廳,354
Le Viet,尖沙咀彌敦道100號The ONE 4樓L402舖,$101-200,美國菜,酒吧,308
第三站 Station 3 Cafe,旺角洗衣街39號金雞廣場25樓08-09室,$101-200,越南菜,串燒,269
慢煮工業 Under Vacuum The Steak,太子太子道西91號地舖,$51-100,意大利菜,咖啡店,257
Vision 8,荃灣兆和街34號永安樓地舖,$201-400,西式,三文治,320
FireBird,銅鑼灣邊寧頓街13號隆堡柏寧頓酒店地下,$101-200,意大利菜,西式,276
The Place,旺角上海街555號香港康得思酒店L樓層,$401-800,日本菜,串燒,236
樂天大喜屋日本料理 Daikiya Japanese Restaurant,旺角彌敦道593-601號創興廣場2樓,$201-400,多國菜,海鮮,311
16 Shell,天后炮台山蜆殼街6-16號寶榮大廈地下B舖,$101-200,多國菜,酒,336
K2 Kitchen,觀塘巧明街106號冠力工業大廈13樓6室,$101-200,意大利菜,咖啡店,260
OPPA韓國燒肉店 OPPA Korean Restaurant,大埔舊墟直街4-20號美新大廈地下B2舖,$101-200,多國菜,海鮮,300
凡高廚房 Van Gogh Kitchen,銅鑼灣軒尼詩道451-457號勝華樓2樓B室,$201-400,韓國菜,海鮮,396
悠蔬食 Leisurely Veggie,銅鑼灣渣甸街50號渣甸中心25樓,$101-200,意大利菜,西餐廳,237
麻辣派對 Chili Party,銅鑼灣記利佐治街1號金百利廣場4樓R1號舖,$101-200,多國菜,素食,237
Amico 1890,旺角洗衣街24號地舖,$101-200,川菜 (四川),中菜館,278
Odelice!,灣仔蘭杜街2號地下9號舖,$101-200,西式,薄餅,268
Go Inside Kitchen,觀塘觀塘道404號時運工業大廈5樓D室,$101-200,法國菜,法國菜,276
Cosmos Restaurant & Bar,尖沙咀寶勒巷27號東滙商業大厦地舖,$101-200,意大利菜,西式,239
Lo Spazio,銅鑼灣恩平道42號亨利中心7樓,$201-400,西式,海鮮,250
漁火海鮮刺身火鍋,銅鑼灣駱克道491-499號京都廣場8樓,$201-400,意大利菜,海鮮,277
億饍 Multi Taste,旺角彌敦道558-560號譽發廣場4樓,$101-200,粵菜 (廣東),火鍋,277
Mini Friday,旺角西洋菜南街2號銀城廣場9樓,$101-200,粵菜 (廣東),湯品,214
靚煲皇 Supreme Hot Pot,旺角塘尾道18號嘉禮大廈地舖,$101-200,多國菜,多國菜,279
大喜屋日本料理 Daikiya Japanese Restaurant,尖沙咀彌敦道74-78號文遜大厦5樓,$201-400,港式,火鍋,337
泰聚 Thai Gather Restaurant & Bar,太子花園街239號嘉慶苑地下,$101-200,日本菜,日式放題,233
Mini Friday,觀塘興業街4號The Wave 3樓,$101-200,泰國菜,咖喱,231
磯野水產 Isono Suisan,銅鑼灣軒尼詩道525號澳門逸園中心19樓,$201-400,西式,西式糕點,225
九重鮮 Steam Fresh,紅磡黃埔新天地聚寶坊(第11期)地下G26號,$101-200,日本菜,海鮮,285
ROJO,天后炮台山木星街3號地下B舖,$201-400,韓國菜,火鍋,230
泰斗 Thai Master Restaurant & Bar,尖沙咀海防道38-40號中達大廈4樓全層,$201-400,西班牙菜,酒,236
滾得囍宮廷火鍋小炒 Big Boils Club,北角馬寶道33號馬寶學林1樓116-125號舖,$201-400,泰國菜,泰國菜,225
榮哥廚房私房菜,觀塘觀塘道436-484號官塘工業中心3期4樓L室,$201-400,粵菜 (廣東),火鍋,203
雅 ‧悠蔬食 Leisurely Veggie,尖沙咀金馬倫道48號中國保險大廈3樓B號舖,$101-200,粵菜 (廣東),中菜館,197
飲茶 Yum Cha,尖沙咀加連威老道20-22號瑞生尖沙咀酒店3樓,$101-200,多國菜,素食,132
蜀府川鍋,油塘四山街2號油塘工業大廈3座地下,$101-200,粵菜 (廣東),點心,221
八幡屋涮涮鍋 Yahataya Shabu Shabu,旺角彌敦道628號瓊華中心12樓全層,$101-200,川菜 (四川),火鍋,371
Mela Italian & Spanish Cuisine,觀塘巧明街94號鴻圖中心地下5D號舖,$201-400,日本菜,壽司/刺身,219
火水爐冰室火鍋 Fo Shui Lo,旺角煙廠街33號朗廷軒1樓,$101-200,意大利菜,西班牙菜,236
正宗水上人氣鍋專門店 Boat Dweller Steam Hot Pot Specialist,旺角砵蘭街196號地下,$201-400,港式,火鍋,261
La Postre,銅鑼灣銅鑼灣耀華街3-9號百樂中心19樓,$101-200,粵菜 (廣東),火鍋,191
One More Hotpot 來一鍋 One More Hotpot,銅鑼灣堅拿道西10號冠景樓2樓A號舖,$201-400,西班牙菜,甜品/糖水,273
尚鮮火鍋海鮮料理 Seansin Seafood Hotpot Experts,銅鑼灣耀華街3號百樂中心8樓,$201-400,多國菜,火鍋,205
蝦棧 Shrimp Kitchen,太子花園街233-235號偉雄大廈地下A舖,$201-400,港式,火鍋,247
Home Sweet Home,太子基隆街13號永基樓地舖,$101-200,台灣菜,海鮮,233
圓山台灣料理 Grand Hill Taiwanese Restaurant,尖沙咀金巴利道25號長利商業大廈1及2樓,$201-400,西式,海鮮,279
BRICK LANE Gallery,尖沙咀棉登徑17-23號地下,$101-200,台灣菜,山珍海味,183
Zenon Café,中環威靈頓街86號地舖,$51-100,英國菜,甜品/糖水,221
LA Creperie,銅鑼灣駱克道459-461號The L. Square 8樓,$101-200,西式,三文治,141
米走雞Live Running Chicken Live,觀塘興業街4號The Wave 3樓,$101-200,法國菜,甜品/糖水,168
Rang Mahal Authentic Indian Cuisine,中環皇后大道中118號2樓,$101-200,港式,火鍋,206
Co-Dining Space,尖沙咀廣東道82-84號流尚坊11樓,$51-100,日本菜,海鮮,205
大井町日式放題 Ooimachi Japanese Buffet,荃灣眾安街55號大鴻輝(荃灣)中心3樓,$201-400,西式,漢堡包,233
Add Some Thai Restaurant,觀塘開源道62號駱駝漆大廈一座9樓D室,$101-200,日本菜,日式放題,170
Ocio,大圍積存街74-76號地下A舖,$101-200,泰國菜,包場派對,210
Bistronomique,西環爹核士街1號裕福大廈地下1號舖,$201-400,多國菜,甜品/糖水,205
尚鮮火鍋海鮮料理 Seansin Seafood Hotpot Experts,佐敦吳松街62-64 幸福商業大廈1樓,$201-400,法國菜,西餐廳,189
E Molto Buono,銅鑼灣霎西街28號必發商業大廈2樓,$401-800,港式,火鍋,195
Dream Cafe,旺角砵蘭街215號朗晴坊5樓全層,$101-200,意大利菜,Fine Dining,190
Aqua,尖沙咀北京道1號29樓,$401-800,西式,薄餅,165
Wing's Kitchen,尖沙咀漆咸道南45-51號其士大廈地下C及D舖,$101-200,日本菜,海鮮,217
La Postre,上環永樂街50號昌盛大廈3樓,$201-400,意大利菜,薄餅,177
Rimi Cafe,旺角登打士街43H號登打士廣場20樓全層,$51-100,西班牙菜,甜品/糖水,151
大喜屋日本料理 Daikiya Japanese Restaurant,銅鑼灣軒尼詩道502號黃金廣場7樓,$201-400,西式,樓上cafe,214
Sabor Spanish Touch Private Kitchen,上環永樂街1-3號世瑛大廈6樓601室,$201-400,日本菜,日式放題,237
焱手工涮涮鍋 Yan Handcraft Hotpot,旺角彌敦道558-560號譽發廣場3樓,$201-400,西式,扒房,173
Siam 28,銅鑼灣軒尼詩道525號澳門逸園中心28樓,$101-200,台灣菜,火鍋,157
Barg,銅鑼灣耀華街3號百樂中心1樓,$201-400,泰國菜,海鮮,183
稻八日式火鍋炸物放題 Inahachi Shabu Shabu,荃灣德海街18號富利達中心1樓,$101-200,意大利菜,適合大夥人,235
養心殿台式養生鍋,荃灣眾安街55號大鴻輝(荃灣)中心17樓,$201-400,日本菜,火鍋,161
Darci by Aldou,元朗鳳攸南街9號好順利大廈地下60號,$101-200,台灣菜,火鍋,170
巧得鍋 How Awesome,觀塘成業街15-17號成運工業大廈1樓12-14舖,$201-400,多國菜,海鮮,141
Amici,中環士丹利街11號Stanley 11 8樓,$101-200,港式,火鍋,146
飲茶 Yum Cha,中環德輔道中173號南豐大廈2樓1-2號舖,$101-200,意大利菜,Fine Dining,104
Villa Villa,北角錦屏街後街25A號東發大廈地下31號舖,$101-200,粵菜 (廣東),點心,167
Spark Bar & Restaurant,中環蘭桂坊雲咸街29號LKF 29 4樓,$201-400,西式,薄餅,168
浜滝 Hamataki,九龍城福佬村道59號地下A舖,$201-400,意大利菜,海鮮,185
備長 Bicho,銅鑼灣軒尼詩道525號澳門逸園中心26樓,$201-400,日本菜,拉麵,199
泰象館 Thai Chang House,九龍城城南道48號地下,$101-200,日本菜,串燒,163
Fifty Fifty,長沙灣東沙島街青山道181號地下C舖,$51-100,意大利菜,扒房,184
尚上下夏 - 養生雞煲火鍋 JKJ POT,尖沙咀山林道23號地下,$101-200,意大利菜,All Day Breakfast,211
Check-In Taipei,中環蘇豪荷李活道27號地舖,$101-200,港式,火鍋,143
Lifetastic,西環石塘咀山道31-37號地下B舖,$101-200,台灣菜,台式飲品,138
極尚大喜屋日本料理 Deluxe Daikiya Japanese Restaurant,銅鑼灣軒尼詩道489號銅鑼灣廣場一期9樓,$201-400,澳洲菜,All Day Breakfast,185
醉胡爐 Wulu Restaurant,尖沙咀柯士甸路20號保發商業大廈地舖,$201-400,日本菜,日式放題,214
BriKetenia,觀塘成業街10號電訊一代廣場1樓B1號舖,$201-400,港式,火鍋,161
Goobne Chicken,中環威靈頓街2-8號威靈頓廣場M88 5樓,$101-200,法國菜,法國菜,148
El Cerdo,荃灣大壩街77號地舖,$201-400,韓國菜,韓式炸雞,153
The Point,銅鑼灣登龍街52號地舖,$101-200,西班牙菜,西班牙菜,170
Bella Shine,觀塘巧明街114號迅達工業大廈2樓B室,$101-200,意大利菜,薄餅,193
ねずみの王冠 喫茶店 Hamsta Crown Coffee,觀塘巧明街106號冠力工業大廈15樓1501室,$51-100,日本菜,拉麵,180
OM Tapas,尖沙咀棉登徑1號地舖,$201-400,日本菜,All Day Breakfast,130
千賀水產 Ten Million Japanese Restaurant,元朗西裕街達輝徑1號足彬大廈1號地舖,$101-200,西班牙菜,酒,186
養心殿台式養生鍋,佐敦吳松街182號榮國中心2樓,$201-400,港式,火鍋,165
阿爺粥品手工涮涮鍋 Grandpa's Porridge Shabu Shabu,荃灣沙咀道328號328廣埸地下5號舖,$201-400,台灣菜,火鍋,164
火鍋英雄 Hot Pot Hero,銅鑼灣駱克道491-499號京都廣場三樓,$201-400,粵菜 (廣東),火鍋,150
鮨心 Kokoro Sushi,旺角彌敦道703-705號金鑽璽1樓(快富街入口),$201-400,川菜 (四川),火鍋,187
稻八日式火鍋炸物放題 Inahachi Shabu Shabu,大埔舊墟直街4-20號美新大廈地下A2號舖,$201-400,日本菜,壽司/刺身,194
Chic by The Oyster House,尖沙咀金馬倫道33號The Cameron 2樓,$401-800,日本菜,火鍋,173
Amitie Kitchen,尖沙咀亞士厘道27號捷利商業大廈8樓,$101-200,西式,蠔吧,175
Manecy's Studio Restaurant,銅鑼灣駱克道447-449號中威商業大廈1樓,$101-200,意大利菜,扒房,170
極上帝王水產,旺角西洋菜街1號兆萬中心9樓,$201-400,德國菜,西班牙菜,275
Gioia Charcoal Grill & Oyster Bar,西環堅尼地城吉席街55-57號美新大廈地下A-C舖,$201-400,日本菜,壽司/刺身,171
Brunch Club & Supper,銅鑼灣禮頓道13號1樓,$101-200,多國菜,海鮮,188
原の味 Naked,尖沙咀麼地道61號冠華中心地下G1號舖,$201-400,英國菜,All Day Breakfast,147
鳴橋燒肉料理,旺角砵蘭街104號,$101-200,日本菜,壽司/刺身,198
信州日本料理 Shin Shu Japanese,西環堅尼地城爹核士街1號裕福大厦地下5號舖,$201-400,日本菜,壽司/刺身,170
緣聚西日餐廳 Together,元朗西裕街5-11號金福閣地庫,$101-200,西式,咖啡店,209
正宗水上人蒸氣鍋專門店 Boat Dweller Steam Hot Pot Specialist,尖沙咀加拿分道49號地下,$201-400,日本菜,自助餐,194
喜來稀肉 Seorae,尖沙咀金巴利道79-81號金栢閣1樓連地下,$101-200,粵菜 (廣東),火鍋,116
Y Show Tasty,尖沙咀厚福街8號H8 12樓,$101-200,韓國菜,烤肉,133
616牛肉火鍋專門店,元朗西菁街9號富盛大廈地下95-100號舖,$101-200,西式,西式,144
NINETYs,灣仔皇后大道東222號地下2號舖,$201-400,港式,火鍋,114
龍麵館 Dragon Noodles Academy,中環德輔道中68號萬宜大廈萬宜廊地下G04號舖,$201-400,西式,咖啡店,115
吞POT 雞煲火鍋.住家菜 Lazy Pot,油麻地彌敦道560號譽發廣場22樓,$101-200,粵菜 (廣東),粉麵/米線,133
滿屋日本料理 Manya Japanese Restaurant,荃灣眾安街55號大鴻輝(荃灣)中心10樓,$201-400,港式,火鍋,215
Mango Tree,尖沙咀柯士甸道西1號圓方(Elements)2樓2032號舖,$201-400,日本菜,日式放題,136
雅高·33 Artco． 33,荃灣沙咀道328號寶石大廈地下21號舖,$51-100,泰國菜,無肉餐單,152
The Food Gallery,尖沙咀北京道8號香港朗廷酒店大堂,$401-800,意大利菜,酒,102
Gastrobox the Cameron,尖沙咀金馬倫道33號 The Cameron 1樓101號舖,$101-200,西式,自助餐,115
魔膳廚房 MS KITCHEN,觀塘開源道77號業發大廈一期2樓D室,$101-200,意大利菜,海鮮,268
BOM Cuisine,長沙灣青山道441號地舖,$51-100,多國菜,甜品/糖水,119
La Postre,尖沙咀厚福街8號H8地下,$101-200,葡國菜,酒,128
胡爐 Wulu,尖沙咀厚福街8號H8 16樓,$201-400,西班牙菜,甜品/糖水,158
Lava Java 咖啡西餐廳 Lava Java Cafe & Restaurant,觀塘開源道71號王子大廈5樓B室,$101-200,港式,火鍋,159
逸之燒 Ichi Grill Shabu Shabu,元朗鳳攸南街9號好順利大廈2座商場地下 57 號舖,$201-400,西式,漢堡包,118
BRICK LANE,金鐘添美道1號中信大廈4樓404號舖,$101-200,日本菜,火鍋,139
白石燒烤 Whitehead Barbecue,馬鞍山馬鞍山白石第1950號,$101-200,英國菜,甜品/糖水,147
The Oyster House,灣仔謝斐道154號地下C號舖,$201-400,港式,燒烤,177
卡莎338 Casa 338,長沙灣東京街50號地舖,$51-100,意大利菜,海鮮,133
野玩田店 Something Wild - The Farm,尖沙咀河內道18號K11購物藝術館2樓201號舖,$101-200,西式,酒,86
Texas Burger,天后電氣道109號地舖,$51-100,西式,薄餅,212
Oldish,上環東街53號地舖,$101-200,西式,漢堡包,129
洛煮意 Kaylaism,旺角亞皆老街65號新之城地下G20號舖,$51-100,英國菜,All Day Breakfast,151
金蘭花泰國餐廳 Sawali Club,銅鑼灣怡和街22號3樓,$101-200,意大利菜,三文治,129
意粉狂熱 Pastaholic,旺角彌敦道639號雅蘭中心2樓208號舖,$101-200,西式,西餐廳,117
壹玖捌叁 Hong Kong Cuisine,跑馬地載德街2-4號1樓,$201-400,意大利菜,薄餅,146
圃公館 Dining House,灣仔皇后大道東387-397號帝盛酒店1樓,$201-400,粵菜 (廣東),山珍海味,170
To-Gather Cafe,旺角洗衣街39-55號金雞廣場19樓15-17室,$101-200,粵菜 (廣東),火鍋,122
喜來稀肉 Seorae,旺角廣華街3號百利達廣場地庫,$101-200,多國菜,藥膳,82
Oggi,天后水星街9號地下B舖,$101-200,韓國菜,烤肉,125
Uptop Bistro and Bar,尖沙咀漆咸道南117號珀薈酒店19樓,$201-400,意大利菜,西式,96
February,觀塘駿業街56號中海日升中心2樓A號舖,$101-200,西式,沙律,157
Little Break Coffee & Kitchen,荔枝角長義街9號D2 Place一期地下G03舖,$101-200,德國菜,西餐廳,106
泰廳 Thai Ten,元朗青山公路元朗段234-242號福德樓地下5號舖,$51-100,西式,All Day Breakfast,114
WIRED CAFE,尖沙咀彌敦道 118 -130號美麗華廣場二期低層地下B169 號舖,$101-200,泰國菜,泰國菜,137
水木日本料理 Mizuki Japanese Restaurant,灣仔譚臣道13-15號萬利中心2樓,$201-400,日本菜,甜品/糖水,129
泰邊爐 Thai Bin Lo,旺角彌敦道628號瓊華中心9樓,$101-200,日本菜,壽司/刺身,129
牛石料理 Gyuseki Japanese Restaurant,九龍城福佬村道51號地下,$201-400,泰國菜,火鍋,134
Anchor’s Seafood and Beer House,荃灣油柑頭青山公路汀九段123號汀蘭居地下,$201-400,港式,火鍋,94
FRITES Belgium on Tap,中環威靈頓街198號The Wellington 1樓,$201-400,西式,海鮮,101
為食仔海鮮火鍋專門店 Hungry Boy,旺角白布街4號地舖,$201-400,比利時菜,比利時菜,114
Scarlett Cafe & Wine Bar,尖沙咀柯士甸路2號地舖,$201-400,川菜 (四川),火鍋,92
Pizza Piazza,荔枝角長沙灣道883號億利工業中心地下1A舖,$101-200,法國菜,法國菜,135
德國餐廳 Das Bier,大埔翠怡街3號翠怡花園C座地下19號舖,$101-200,意大利菜,薄餅,114
Outdark,尖沙咀厚福街8號H8 17樓,$101-200,德國菜,德國菜,94
飲茶 Yum Cha,旺角亞皆老街8號朗豪坊4樓7號舖,$101-200,韓國菜,韓式炸雞,82
牛精皇 Niu Jing Wong,九龍城福佬村道60號地下,$201-400,粵菜 (廣東),點心,150
紅館 Rare Restaurant,中環擺花街9號地舖及地庫,$101-200,港式,火鍋,98
湘聚小廚 Jiang's Hunan chef,西環日富里13號富基大廈地舖,$51-100,意大利菜,法國菜,137
金寶泰國菜館 Cambo Thai Restaurant,九龍城衙前塱道25號,$101-200,湘菜 (湖南),中菜館,118
Odelice!,尖沙咀彌敦道100號The ONE4樓L407號舖,$101-200,泰國菜,海鮮,110
LA Creperie,灣仔皇后大道東100-102號鉅芝樓1樓,$101-200,法國菜,法國菜,159
616牛肉火鍋專門店,大埔翠怡街3號翠怡花園B座地下18號舖,$101-200,多國菜,甜品/糖水,95
Mr. Right,元朗西菁街23號富達廣場地下32-39號舖,$101-200,港式,火鍋,119
木槿花韓牛專門店 Mugung Hanwoo Beef Specialist,中環士丹頓街33號地舖,$201-400,意大利菜,海鮮,116
Jan Jan 串揚專門店 Jan Jan Kushikatsu,灣仔皇后大道東100號2樓,$201-400,韓國菜,韓燒,80
616麥子,尖沙咀赫德道4號The Hart 1樓,$201-400,日本菜,串燒,151
Zappy Cafe & Bar,銅鑼灣耀華街3號百樂中心13樓1303室,$101-200,港式,火鍋,102
616七桌子,"紅磡民泰街27-47號黃埔新邨J,K,L座地下B2號舖",$101-200,多國菜,樓上cafe,114
The Optimist,灣仔軒尼詩道239號地下至2樓,$201-400,港式,火鍋,46
喜來稀肉 Seorae,銅鑼灣登龍街41-51號金龍大廈地下3號舖及1樓,$101-200,西班牙菜,酒,67
The Americano,荔枝角長沙灣道883號億利工業中心1樓12室,$101-200,韓國菜,烤肉,134
浪人日本料理 Ronin Japanese Cuisine,中環威靈頓街2-8號威靈頓廣場M88 6樓,$201-400,西式,咖啡店,113
火鍋撚 Hot Pot Land,中環雲咸街46-48號雲明行3樓,$201-400,日本菜,壽司/刺身,79
瀧 Tempura Taki,中環威靈頓街33號The Loop 8樓,$401-800,港式,火鍋,107
明閣 Ming Court,旺角上海街555號香港康得思酒店6樓,$401-800,日本菜,壽司/刺身,227
翠林辣蟹舫 Greenland Spicy Crab,尖沙咀亞士厘道24-38號天星大廈1樓A號舖,$101-200,英國菜,無肉餐單,114
616牛肉火鍋專門店,西環皇后大道西384-386號三多大樓地下A號舖,$101-200,粵菜 (廣東),海鮮,87
泰道 Thai Dao,西貢大網仔路沙下村9號地舖,$201-400,港式,火鍋,84
Café Crêpe,中環威靈頓街15B號地舖,$51-100,泰國菜,海鮮,91
丼瀛 J-City,佐敦廟街188號地舖,$101-200,法國菜,All Day Breakfast,111
7E咖喱王 Khyber Pass Mess Club,尖沙咀彌敦道36-44號重慶大廈E座7樓E2室,$51-100,日本菜,壽司/刺身,203
Flâneur,佐敦官涌街3-5號煒亨大廈地舖,$101-200,印度菜,咖喱,94
Rosie's Cafe by cafe company,沙田沙田正街18號新城市廣場第三期3樓A305號舖,$101-200,多國菜,多國菜,84
火鍋煮場,深水埗福榮街14號地舖,$201-400,西式,咖啡店,85
Beerliner German Bar & Restaurant,葵芳興芳路223號新都會廣場5樓531-540店,$201-400,粵菜 (廣東),火鍋,73
LAB EAT Restaurant & Bar,旺角彌敦道700號T.O.P. This is Our Place 5樓502號舖,$201-400,德國菜,適合大夥人,88
Lex Coffee,西環堅尼地城卑路乍街100號地舖,$101-200,西式,海鮮,98
HOW,觀塘觀塘巧明街99號巧明工廠大廈3樓AB座,$101-200,西式,咖啡店,55
Amina Modern European,尖沙咀廣東道82-84號流尚坊8樓全層,$401-800,西式,漢堡包,111
小糖鈕 Sweet Button,尖沙咀堪富利士道6-6A號3樓,$51-100,西式,Fine Dining,88
一鳴燒 Amazing BBQ,銅鑼灣軒尼詩道525號澳門逸園中心10樓,$101-200,西式,甜品/糖水,108
鵜舞 UMAI,荔枝角長義街9號D2 Place一期地下2號舖,$101-200,日本菜,串燒,102
Mirror & Vegan Concept,中環皇后大道中118號9樓,$101-200,日本菜,日本菜,82
鮮一夜火鍋 One Night Pot,荃灣眾安街55號大鴻輝中心21樓B室,$201-400,意大利菜,素食,83
Westwood Carvery,中環蘭桂坊和安里2號地舖,$201-400,港式,火鍋,89
Bostonian Seafood & Grill,尖沙咀北京道8號香港朗廷酒店低層大堂,$401-800,美國菜,酒,139
Cafe Siam,中環德己立街21號The Plaza 2-3樓,$101-200,多國菜,海鮮,92
Layback Cafe & Bar,尖沙咀加連威老道41號C-D嘉威大厦4樓B室,$101-200,泰國菜,海鮮,89
焱手工涮涮鍋 Yan Handcraft Hotpot,旺角彌敦道558-560號譽發廣場3樓,$201-400,港式,甜品/糖水,173
養心殿台式養生鍋,荃灣眾安街55號大鴻輝(荃灣)中心17樓,$201-400,台灣菜,火鍋,161
LCB express,銅鑼灣駱克道487-489號駱克駅3樓,$101-200,台灣菜,火鍋,10
Sky726,旺角彌敦道724-726號25樓,$201-400,西式,沙律,367
Running 燒 Running BBQ,旺角彌敦道726號9樓,$201-400,法國菜,甜品/糖水,388
The Food Gallery,尖沙咀北京道8號香港朗廷酒店大堂,$401-800,韓國菜,自助餐,102
Mirror & Vegan Concept,中環皇后大道中118號9樓,$101-200,西式,自助餐,82
Aberdeen Street,中環蘇豪鴨巴甸街41-49號金豪大廈地下1號舖,$201-400,意大利菜,素食,69
蠔站 O S Plus,將軍澳唐德街9號將軍澳中心1樓163B舖,$201-400,法國菜,酒,24
黃記煌三汁燜鍋,尖沙咀加拿分道16號金輝大廈1樓,$101-200,西式,海鮮,70
大勝丼 Daikatsu Don,旺角彌敦道594-596號旺角新城5樓,$101-200,京菜 (官府菜),火鍋,46
EAT ME Bar & Restaurant,旺角彌敦道560號譽發廣場5樓全層,$101-200,日本菜,壽司/刺身,474
Zenon Café,中環威靈頓街86號地舖,$51-100,多國菜,咖啡店,221
Rang Mahal Authentic Indian Cuisine,中環皇后大道中118號2樓,$101-200,西式,三文治,206
7E咖喱王 Khyber Pass Mess Club,尖沙咀彌敦道36-44號重慶大廈E座7樓E2室,$51-100,西式,甜品/糖水,203
尚廚 The Chef's Table,將軍澳唐德街3號香港九龍東皇冠假日酒店1樓,$201-400,印度菜,咖喱,45
鷹巢 Eagle's Garden,旺角豉油街2號香港旺角希爾頓花園酒店2樓,$101-200,多國菜,自助餐,35
Amazing,油麻地九龍窩打老道23號城景國際大堂,$101-200,粵菜 (廣東),點心,41
Orange Tree,中環蘭桂坊15-16號協興大廈5樓,$201-400,泰國菜,咪嘥嘢食店,26
捌壹壹 811 Sichuan Cuisine,旺角奶路臣街33號地下F號舖,$101-200,荷蘭菜,荷蘭菜,61
印度皇 Basmati (Taste of India),上環干諾道中137-139號三台商業大廈1樓,$51-100,川菜 (四川),火鍋,56
Go Inside Kitchen,觀塘觀塘道404號時運工業大廈5樓D室,$101-200,印度菜,自助餐,276
LA Creperie,銅鑼灣駱克道459-461號The L. Square 8樓,$101-200,意大利菜,西式,141
鮨心 Kokoro Sushi,旺角彌敦道703-705號金鑽璽1樓(快富街入口),$201-400,法國菜,甜品/糖水,187
原の味 Naked,尖沙咀麼地道61號冠華中心地下G1號舖,$201-400,日本菜,壽司/刺身,147
相馬日式火鍋 Soma Shabu Shabu,觀塘成業街10號電訊一代廣場1樓B2號舖,$101-200,日本菜,壽司/刺身,62
Namo Avant Thai Restaurant,"尖沙咀麼地道68號帝國中心G2-4,18-22號舖",$201-400,日本菜,火鍋,74
Insta Crepes,中環蘇豪伊利近街63號地舖,$51-100,泰國菜,酒吧,27
Are U Labeler,何文田梭椏道25A地舖,$51-100,日本菜,壽司/刺身,16
Tamarind Pan-Asian Restaurant & Bar,灣仔港灣道30號新鴻基中心2樓,$201-400,西式,咖啡店,18
貝爾特酒廊 pentalounge,屯門震寰路6號香港屯門貝爾特酒店1樓,$101-200,越南菜,酒,10
千賀水產 Ten Million Japanese Restaurant,元朗西裕街達輝徑1號足彬大廈1號地舖,$101-200,港式,酒店餐廳,186
LAB EAT Restaurant & Bar,旺角彌敦道700號T.O.P. This is Our Place 5樓502號舖,$201-400,日本菜,日式放題,88
小糖鈕 Sweet Button,尖沙咀堪富利士道6-6A號3樓,$51-100,西式,海鮮,88
BABY K Bora Seafood,尖沙咀河內道18號K11購物藝術館3樓314號舖,$101-200,西式,甜品/糖水,50
野玩田店 Something Wild - The Farm,尖沙咀河內道18號K11購物藝術館2樓201號舖,$101-200,意大利菜,海鮮,86
La Postre,銅鑼灣銅鑼灣耀華街3-9號百樂中心19樓,$101-200,西式,薄餅,191
Pizza Piazza,荔枝角長沙灣道883號億利工業中心地下1A舖,$101-200,西班牙菜,甜品/糖水,135
The Balcony,中環皇后大道中118號3樓,$201-400,意大利菜,薄餅,70
Tipsy Restaurant & Bar,大坑銅鑼灣道98號1樓,$201-400,日本菜,西式,39
Plato Cafe & Bistro,佐敦吳松街186-188號地舖,$101-200,多國菜,酒,97
Deer Kitchen,觀塘興業街4號The Wave 6樓 01室,$101-200,西式,甜品/糖水,26
Fish & Chick,西環西營盤高街27號地舖,$101-200,西式,沙律,15
The Boil Restaurant & Bar,中環雲咸街29號LKF 29 地下和1樓,$201-400,英國菜,海鮮,11
糖果工房 Sugar Factory Cafe,旺角登打士街36號恆威商業中心13樓,$51-100,美國菜,海鮮,7
Marco's Oyster Bar & Grill,半山羅便臣道30-32號寶時大廈地舖,$201-400,日本菜,甜品/糖水,3
Pokka Cafe,荃灣青山公路荃灣段398號愉景新城1樓1064舖,$101-200,意大利菜,意大利菜,6
Rimi Cafe,旺角登打士街43H號登打士廣場20樓全層,$51-100,日本菜,咖啡店,151
The Grill Room,銅鑼灣駱克道459-461號The L. Square 5樓,$201-400,西式,樓上cafe,508
Plato Cafe & Bistro,油麻地彌敦道483-485號2樓,$101-200,西式,扒房,407
孖啡 Double Cafe,旺角彌敦道577號高氏大樓4樓,$51-100,西式,甜品/糖水,294
Pom's Kitchen & Deli,佐敦德興街7號A-B號舖,$101-200,西式,甜品/糖水,268
第三站 Station 3 Cafe,旺角洗衣街39號金雞廣場25樓08-09室,$101-200,西式,西餐廳,269
億饍 Multi Taste,旺角彌敦道558-560號譽發廣場4樓,$101-200,意大利菜,咖啡店,277
八幡屋涮涮鍋 Yahataya Shabu Shabu,旺角彌敦道628號瓊華中心12樓全層,$101-200,粵菜 (廣東),湯品,371
The Grill Room,尖沙咀堪富利士道6-6A號爵寓2樓,$201-400,日本菜,火鍋,163
Gioia Charcoal Grill & Oyster Bar,西環堅尼地城吉席街55-57號美新大廈地下A-C舖,$201-400,西班牙菜,西班牙菜,171
緣聚西日餐廳 Together,元朗西裕街5-11號金福閣地庫,$101-200,多國菜,海鮮,209
The Oyster House,灣仔謝斐道154號地下C號舖,$201-400,日本菜,自助餐,177
金蘭花泰國餐廳 Sawali Club,銅鑼灣怡和街22號3樓,$101-200,意大利菜,海鮮,129
泰廳 Thai Ten,元朗青山公路元朗段234-242號福德樓地下5號舖,$51-100,泰國菜,泰國菜,114
紅館 Rare Restaurant,中環擺花街9號地舖及地庫,$101-200,泰國菜,泰國菜,98
翠林辣蟹舫 Greenland Spicy Crab,尖沙咀亞士厘道24-38號天星大廈1樓A號舖,$101-200,意大利菜,法國菜,114
Rosie's Cafe by cafe company,沙田沙田正街18號新城市廣場第三期3樓A305號舖,$101-200,港式,火鍋,84
稻成小館 Dab-pa Peking & Szechuan Bistro,屯門屯隆街3號屯門市廣場一期2樓2162號舖,$101-200,西式,咖啡店,76
品越越式料理 La'taste Vietnamese Cuisine,旺角彌敦道639號雅蘭中心1樓116號舖,$51-100,川菜 (四川),中菜館,115
相馬日式火鍋 Soma Shabu Shabu,荔枝角長義街10號昌隆工業大廈1樓B-C舖,$101-200,越南菜,粉麵/米線,81
Involtini Italian Cuisine,銅鑼灣駱克道459-461號 The L. Square 11樓,$201-400,日本菜,火鍋,55
The Mafe Cafe,旺角彌敦道577號高氏大樓3樓A-B室,$51-100,意大利菜,西式糕點,98
The Trafalgar Brewing Company,灣仔港灣道28號Brim 28灣景中心1樓10號舖,$51-100,西式,海鮮,57
鹽澤 Shiozawa Teppanyaki Restaurant,銅鑼灣耀華街38號Zing! 28-29樓,$401-800,西式,薄餅,31
Amber’s Table,紅磡黃埔新天地百寶坊(第3期)地下G27號舖,$101-200,日本菜,鐵板燒,29
La Cobi Restaurant & Tapas,灣仔麥加力歌街13號地舖,$201-400,西式,Fine Dining,39
金蘭花泰國菜 Sawali Club,灣仔軒尼詩道18-20號永昌大廈2樓,$101-200,西班牙菜,海鮮,60
燒乜 Yakimon,中環擺花街8號3樓,$201-400,泰國菜,泰國菜,14
OZU Bar,中環荷李活道1號地下,$101-200,日本菜,串燒,15
龍圖閣海鮮飯店 Fresh Seafood Restaurant,尖沙咀漆咸道南17-19號帝后廣場1樓,$101-200,日本菜,酒,31
KonFusion Restaurant and Bar,上環皇后大道西42-56號賴恩樓地下B號舖,$101-200,粵菜 (廣東),海鮮,10
Nomads,尖沙咀金巴利道53-59號地下A室,$201-400,意大利菜,薄餅,27
Burgeroom,尖沙咀彌敦道132號美麗華廣場一期2 樓 207 號舖,$51-100,蒙古菜,薄餅,433
Doux,旺角彌敦道726號18樓全層,$101-200,美國菜,漢堡包,380
Ocio,旺角煙廠街33號朗廷軒地下B舖,$101-200,多國菜,甜品/糖水,431
Cambo ขุนทอง,尖沙咀彌敦道100號The ONE 4樓L403舖,$101-200,多國菜,甜品/糖水,383
Le Viet,尖沙咀彌敦道100號The ONE 4樓L402舖,$101-200,港式,西式糕點,308
慢煮工業 Under Vacuum The Steak,太子太子道西91號地舖,$51-100,越南菜,串燒,257
慢煮工業 The Hangout by Under Vacuum,太子白楊街15-19號萬安大樓地下及1樓,$101-200,日本菜,串燒,314
K2 Kitchen,觀塘巧明街106號冠力工業大廈13樓6室,$101-200,多國菜,酒,260
悠蔬食 Leisurely Veggie,銅鑼灣渣甸街50號渣甸中心25樓,$101-200,多國菜,海鮮,237
Lo Spazio,銅鑼灣恩平道42號亨利中心7樓,$201-400,川菜 (四川),中菜館,250
i kitchen,觀塘巧明街106號冠力工業大廈201室,$101-200,意大利菜,海鮮,250
泰聚 Thai Gather Restaurant & Bar,太子花園街239號嘉慶苑地下,$101-200,多國菜,多國菜,233
雅 ‧悠蔬食 Leisurely Veggie,尖沙咀金馬倫道48號中國保險大廈3樓B號舖,$101-200,西班牙菜,酒,197
正宗水上人氣鍋專門店 Boat Dweller Steam Hot Pot Specialist,旺角砵蘭街196號地下,$201-400,多國菜,素食,261
Home Sweet Home,太子基隆街13號永基樓地舖,$101-200,粵菜 (廣東),火鍋,233
Give Me 5,觀塘鴻圖道90號5樓,$101-200,英國菜,甜品/糖水,258
Siam 28,銅鑼灣軒尼詩道525號澳門逸園中心28樓,$101-200,多國菜,甜品/糖水,157
Darci by Aldou,元朗鳳攸南街9號好順利大廈地下60號,$101-200,意大利菜,適合大夥人,170
Spark Bar & Restaurant,中環蘭桂坊雲咸街29號LKF 29 4樓,$201-400,粵菜 (廣東),點心,168
Check-In Taipei,中環蘇豪荷李活道27號地舖,$101-200,意大利菜,海鮮,143
Goobne Chicken,中環威靈頓街2-8號威靈頓廣場M88 5樓,$101-200,澳洲菜,All Day Breakfast,148
Bella Shine,觀塘巧明街114號迅達工業大廈2樓B室,$101-200,韓國菜,韓式炸雞,193
OM Tapas,尖沙咀棉登徑1號地舖,$201-400,日本菜,拉麵,130
火鍋英雄 Hot Pot Hero,銅鑼灣駱克道491-499號京都廣場三樓,$201-400,西班牙菜,酒,150
Chic by The Oyster House,尖沙咀金馬倫道33號The Cameron 2樓,$401-800,川菜 (四川),火鍋,173
Brunch Club & Supper,銅鑼灣禮頓道13號1樓,$101-200,德國菜,西班牙菜,188
鳴橋燒肉料理,旺角砵蘭街104號,$101-200,英國菜,All Day Breakfast,198
Ulyssa by Aldou,荔枝角長沙灣道883號億利工業中心2樓203室,$101-200,日本菜,壽司/刺身,147
正宗水上人蒸氣鍋專門店 Boat Dweller Steam Hot Pot Specialist,尖沙咀加拿分道49號地下,$201-400,西式,咖啡店,194
龍麵館 Dragon Noodles Academy,中環德輔道中68號萬宜大廈萬宜廊地下G04號舖,$201-400,粵菜 (廣東),火鍋,115
滿屋日本料理 Manya Japanese Restaurant,荃灣眾安街55號大鴻輝(荃灣)中心10樓,$201-400,粵菜 (廣東),粉麵/米線,215
Gastrobox the Cameron,尖沙咀金馬倫道33號 The Cameron 1樓101號舖,$101-200,日本菜,日式放題,115
BOM Cuisine,長沙灣青山道441號地舖,$51-100,意大利菜,海鮮,119
Lava Java 咖啡西餐廳 Lava Java Cafe & Restaurant,觀塘開源道71號王子大廈5樓B室,$101-200,葡國菜,酒,159
BRICK LANE,金鐘添美道1號中信大廈4樓404號舖,$101-200,西式,漢堡包,139
Oldish,上環東街53號地舖,$101-200,英國菜,甜品/糖水,129
Chez Bistro,銅鑼灣耀華街3號百樂中心21樓,$201-400,英國菜,All Day Breakfast,162
壹玖捌叁 Hong Kong Cuisine,跑馬地載德街2-4號1樓,$201-400,西式,西餐廳,146
水木日本料理 Mizuki Japanese Restaurant,灣仔譚臣道13-15號萬利中心2樓,$201-400,粵菜 (廣東),山珍海味,129
Anchor’s Seafood and Beer House,荃灣油柑頭青山公路汀九段123號汀蘭居地下,$201-400,日本菜,壽司/刺身,94
飲茶 Yum Cha,旺角亞皆老街8號朗豪坊4樓7號舖,$101-200,西式,海鮮,82
香港郵意 Postcollectionhk Cafe,尖沙咀漆咸道南61-65號首都廣場2樓80-82號舖,$51-100,泰國菜,海鮮,151
木槿花韓牛專門店 Mugung Hanwoo Beef Specialist,中環士丹頓街33號地舖,$201-400,多國菜,甜品/糖水,116
616麥子,尖沙咀赫德道4號The Hart 1樓,$201-400,韓國菜,韓燒,151
616七桌子,"紅磡民泰街27-47號黃埔新邨J,K,L座地下B2號舖",$101-200,港式,火鍋,114
喜來稀肉 Seorae,銅鑼灣登龍街41-51號金龍大廈地下3號舖及1樓,$101-200,港式,火鍋,67
BRICK LANE,銅鑼灣禮頓道111號利園第六期地下G01號舖,$101-200,西式,咖啡店,84
Café Crêpe,中環威靈頓街15B號地舖,$51-100,英國菜,無肉餐單,91
Amina Modern European,尖沙咀廣東道82-84號流尚坊8樓全層,$401-800,法國菜,All Day Breakfast,111
Westwood Carvery,中環蘭桂坊和安里2號地舖,$201-400,意大利菜,Fine Dining,89
Layback Cafe & Bar,尖沙咀加連威老道41號C-D嘉威大厦4樓B室,$101-200,多國菜,海鮮,89
Springfields,中環擺花街11號地鋪,$51-100,多國菜,漢堡包,86
丼瀛 J-City,觀塘巧明街109號榮昌工業大廈5樓A室,$101-200,法國菜,甜品/糖水,104
高木炭火鳥燒 Takagi Yakitori,尖沙咀棉登徑13-15號地下,$201-400,澳洲菜,扒房,90
好日咖啡店 GoodDay Cafe,銅鑼灣希雲街12號地舖,$51-100,日本菜,串燒,77
李好味 Lee Lo Mei,中環擺花街8號地下及1樓,$201-400,港式,三文治,38
湘蜀人家 Xiangshu Restaurant,灣仔莊士敦道181號大有廣場2樓218號舖,$101-200,港式,中菜館,70
Cafe R&C,銅鑼灣希雲街22-24號地舖,$101-200,川菜 (四川),中菜館,98
Moreish & Malt,紅磡蕪湖街83號逸‧酒店1樓,$101-200,西式,咖啡店,87
鍋処雪舟 Nabe-Dokoro Sessyu,銅鑼灣開平道1號Cubus 6樓,$401-800,美國菜,漢堡包,76
壹壹漁一 One One Fish One,大角咀大角咀道88號旺角帝盛酒店2樓,$101-200,日本菜,火鍋,88
北京老家 Beijing Home,灣仔皇后大道東183號合和中心7樓704及8樓802號舖,$101-200,多國菜,火鍋,83
Verde MAR,灣仔大王東街24號地下,$201-400,京菜 (官府菜),湯品,121
八鍋堂．中日火鍋專門店 Hachi Nabe,旺角西洋菜街1號兆萬中心3樓301號舖,$201-400,西式,海鮮,120
Chelsea Garden & Restaurant,佐敦柯士甸道7號UQ Place 4樓,$201-400,港式,火鍋,72
三品 燒鳥專門店,元朗教育路61號紫荊樓一期地下K號舖,$201-400,西班牙菜,地中海菜,62
麥田廚房 Wheatfield Kitchen,銅鑼灣邊寧頓街13-15號2樓,$51-100,日本菜,串燒,108
FUMI,中環德己立街30-32號加州大廈6樓,$401-800,多國菜,多國菜,90
朝花夕拾 ZhaoHuaXiShi,尖沙咀河內道18號K11購物藝術館2樓201B號舖,$101-200,日本菜,壽司/刺身,39
My Day,尖沙咀彌敦道132號美麗華廣場一期食四方6樓601號舖,$201-400,日本菜,All Day Breakfast,91
圃鍋 The Pot House,灣仔軒尼詩道314-324號 W Square 4樓,$201-400,西式,自助餐,88
灣景廳 Harbour Restaurant,灣仔港灣道4號灣景國際1樓,$201-400,日本菜,火鍋,93
Little Mario’s Pizzeria,觀塘開源道60號駱駝漆大廈3座4樓U01室,$101-200,西式,自助餐,62
鮨見 Sushi mi,尖沙咀亞士厘道18號2樓,$201-400,意大利菜,薄餅,64
功德林上海素食 Kung Tak Lam Shanghai Vegetarian Cuisine,銅鑼灣告士打道280號世貿中心10樓,$101-200,日本菜,壽司/刺身,139
象泰 Jaunty Restaurant,屯門屯門鄉事會路112-140號雅都花園1樓商場118-127號舖,$51-100,滬菜 (上海),素食,66
御品·千之味 Oi-Shi-Sushi,深水埗荔枝角道390號C號地舖,$51-100,泰國菜,泰國菜,115
牛気 Nabe Urawa,銅鑼灣軒尼詩道500號希慎廣場14樓L1404-1405號舖,$101-200,日本菜,壽司/刺身,54
新記雞粥 Sun Kee Chicken Congee,筲箕灣筲箕灣道307號地下及1樓,$50以下,日本菜,火鍋,65
Pinot Duck,赤柱佳美道23號赤柱廣場地下G07號舖,$101-200,港式,粥品,80
埠 Hatoba Japanese restaurant,西灣河鯉景灣太康街西灣河碼頭,$201-400,多國菜,酒,62
京.花朝 Fat Duck Den Chinese Cuisine,銅鑼灣耀華街3號百樂中心9樓,$101-200,意大利菜,酒,42
石牆道韓國餐廳 Dol Dam Gil Korean Restaurant,尖沙咀金巴利道27-33號永利大廈地下20及22號舖,$201-400,京菜 (官府菜),中菜館,84
鳳雛燉雞 Bongchu Jjimdak,旺角彌敦道726號10樓,$101-200,韓國菜,烤肉,56
Fang Fang,中環蘭桂坊雲咸街33號LKF Tower 8樓,$401-800,韓國菜,韓國菜,60
黑瀧板蕎麥專門店 Kurotaki,銅鑼灣告士打道280號世貿中心4樓P413-415號舖,$101-200,多國菜,酒吧,55
焰淑泰國餐廳 Imsook Thai Kitchen,銅鑼灣登龍街18號V Point地下1號舖,$101-200,日本菜,日本菜,91
來佬餐館 Loyal Dining,灣仔杜老誌道5號地下至1樓,$101-200,泰國菜,私房菜,25
施心畢老撾餐廳 Sisombath Restaurant,中環威靈頓街98號翡翠中心4樓,$51-100,港式,無肉餐單,81
滿樂潮州 Moon Lok Chiu Chow,東涌達東路20號東薈城名店倉地下22號舖,$101-200,越南菜,泰國菜,47
韓讚 Zzang,銅鑼灣渣甸街66號Aura on Pennington 2樓,$101-200,潮州菜,中菜館,45
三川居酒屋 Sansen Japanese Bar and Restaurant,銅鑼灣軒尼詩道499號永光商業大廈地庫,$101-200,韓國菜,火鍋,139
Mr. Korea BBQ,尖沙咀柯士甸道140-142號瑞信集團大廈一樓,$201-400,日本菜,壽司/刺身,57
Bistro Du Vin,西環堅尼地城爹核士街1號地下D號舖,$401-800,韓國菜,烤肉,64
叄嵐日本燒鳥串燒居酒屋 Arashi-Sann Japanese Restaurant and Bar,灣仔安樂里地下D舖,$101-200,法國菜,法國菜,48
Kampoeng,銅鑼灣糖街1-5號銅鑼灣商業大廈地庫,$51-100,西式,甜品/糖水,43
Villa Villa,大角咀埃華街88-102號大全樓地下B及D號舖,$101-200,印尼菜,湯品,57
泰越概念 V.THAi,銅鑼灣渣甸街66號Aura on Pennington 3樓,$101-200,意大利菜,薄餅,43
London House Gordon Ramsay,尖沙咀麼地道66號尖沙咀中心G5& UG 15號舖,$201-400,越南菜,咖喱,28
Town,銅鑼灣開平道1號Cubus10樓,$401-800,英國菜,英國菜,40
DOSE,中環卑利街28號地舖,$201-400,多國菜,多國菜,41
Anjappar Chettinad Indian Restaurant,尖沙咀寶勒巷3-7A號萬事昌廣場2樓202號舖,$101-200,西式,咖啡店,69
城市匯 Urban Park,中環德輔道中173號南豐大廈2樓3-5號店,$201-400,多國菜,多國菜,35
樸生 Bobsang,青衣青敬路33號青衣城1樓119B號舖,$51-100,西式,扒房,46
California Pizza Kitchen,紅磡黃埔新天地美食坊(第8期)3樓302號舖,$101-200,韓國菜,素食,33
臥龍正宗成都麻辣火鍋,銅鑼灣駱克道491-499號京都廣場11樓,$201-400,美國菜,薄餅,31
星幕 Cielo,將軍澳唐德街3號香港九龍東皇冠假日酒店47樓,$101-200,川菜 (四川),火鍋,21
Oyster Cove,天后水星街28號耀星華庭地下1號舖,$101-200,美國菜,扒房,33
Dacha Restaurant & Bar,中環蘇豪荷李活道38-40號地舖,$201-400,西式,海鮮,37
California Pizza Kitchen,將軍澳唐賢街9號PopCorn商場1樓F10號舖,$101-200,川菜 (四川),川菜 (四川),38
蠔站 OS Plus,荃灣楊屋道1號荃新天地一期上層地下UG41號舖,$101-200,美國菜,薄餅,27
Corner 18,天后英皇道18號如心銅鑼灣海景酒店1樓,$201-400,西式,蠔吧,64
風流居酒屋 FuRyu Izakaya,大圍大圍村第3街32號地舖,$101-200,多國菜,自助餐,28
白鮨 Shiro,鰂魚涌太古坊英皇道979號林肯大廈地下,$101-200,日本菜,酒,29
荷華庭園景餐廳 Lotus Courtyard Restaurant,大埔林村放馬莆43號地下,$201-400,日本菜,壽司/刺身,44
Enjoy Chef,荔枝角長沙灣道883號億利工業中心7樓704室,$101-200,西式,西式,37
California Pizza Kitchen,九龍灣宏照道38號MegaBox11樓10號舖,$101-200,西式,多國菜,130
飲茶 Yum Cha,銅鑼灣羅素街8號英皇鐘錶珠寶中心2樓,$101-200,美國菜,薄餅,13
圓點工房 Canapés Room,火炭山尾街31-41號華樂工業中心AB座3樓23-26室,$51-100,粵菜 (廣東),點心,26
享慢煮意 Fast Gourmet,中環善慶街9號地舖,$51-100,西式,咖啡店,25
Le Grand Pokka Cafe,旺角彌敦道639號雅蘭中心2樓206號舖,$101-200,多國菜,All Day Breakfast,46
Oh Food 清真阿拉伯料理 Oh Food Arabic Halal Cuisine,"灣仔灣仔盧押道11-13號修頓商業大廈11樓A,B室",$101-200,多國菜,多國菜,69
Eiffel Bistro,太古太裕路5號太古城興安閣地下G514號舖,$201-400,中東菜,沙律,21
真心 Zen,中環蘇豪士丹頓街21號地舖,$101-200,日本菜,壽司/刺身,34
瀛豐放題料理專門店,銅鑼灣駱克道491-499號京都廣場10樓,$101-200,日本菜,壽司/刺身,56
丼吉日本吉列專門店餐廳 Tonkichi Tonkatsu Seafood,尖沙咀廣東道100號彩星集團大廈10樓全層,$201-400,泰國菜,壽司/刺身,208
Mansons Lot,灣仔汕頭街15號地下,$50以下,日本菜,同客食飯,30
Armani / Aqua,中環干諾道中8號遮打大廈2樓204-205號舖,$401-800,西式,漢堡包,37
小城鎮 Little Town,北角明園西街2-6號明苑中心地舖,$51-100,日本菜,意大利菜,86
當下  Present Cafe and bar,北角和富道126號地舖,$101-200,西式,薄餅,27
魚有魚味 Sakana No Aji,中環擺花街8號2樓,$401-800,意大利菜,酒,11
QUAYSIDE,灣仔龍景街1號分域碼頭海軍商場地下,$201-400,日本菜,壽司/刺身,29
Scarlett Cafe & Wine Bar,尖沙咀柯士甸路2號地舖,$201-400,台灣菜,火鍋,92
韓讚 Zzang,銅鑼灣渣甸街66號Aura on Pennington 2樓,$101-200,法國菜,法國菜,45
DK Bar & Restaurant,尖沙咀金巴利道40號MW Plaza 2樓,$51-100,韓國菜,火鍋,39
糖果工房 Sugar Factory Cafe,旺角登打士街36號恆威商業中心13樓,$51-100,多國菜,酒吧,7
Gastrobox the Cameron,尖沙咀金馬倫道33號 The Cameron 1樓101號舖,$101-200,日本菜,甜品/糖水,115
Gastrobox The Union,西環堅尼地城卑路乍街150號加多近山地下1號舖,$101-200,意大利菜,海鮮,20
Gastrobox by Okapi Cafe,西貢萬年街67號,$101-200,西式,海鮮,38
LCB express,銅鑼灣駱克道487-489號駱克駅3樓,$101-200,意大利菜,西式,10
Lifetastic,西環石塘咀山道31-37號地下B舖,$101-200,法國菜,甜品/糖水,138
NINETYs,灣仔皇后大道東222號地下2號舖,$201-400,澳洲菜,All Day Breakfast,114
The Oyster House,灣仔謝斐道154號地下C號舖,$201-400,西式,咖啡店,177
Dacha Restaurant & Bar,中環蘇豪荷李活道38-40號地舖,$201-400,法國菜,酒,37
蠔站 OS Plus,荃灣楊屋道1號荃新天地一期上層地下UG41號舖,$101-200,俄國菜,酒吧,27
享慢煮意 Fast Gourmet,中環善慶街9號地舖,$51-100,西式,蠔吧,25
蠔站 O S Plus,將軍澳唐德街9號將軍澳中心1樓163B舖,$201-400,多國菜,All Day Breakfast,24
黃記煌三汁燜鍋,尖沙咀加拿分道16號金輝大廈1樓,$101-200,比利時菜,比利時菜,70
LAB EAT Restaurant & Bar,尖沙咀金巴利道87-89號僑豐大厦地下1-2號舖,$201-400,日本菜,壽司/刺身,432
Zenon Café,中環威靈頓街86號地舖,$51-100,西式,海鮮,221
魔膳廚房 MS KITCHEN,觀塘開源道77號業發大廈一期2樓D室,$101-200,印度菜,印度菜,268
WIRED CAFE,尖沙咀彌敦道 118 -130號美麗華廣場二期低層地下B169 號舖,$101-200,西式,甜品/糖水,137
7E咖喱王 Khyber Pass Mess Club,尖沙咀彌敦道36-44號重慶大廈E座7樓E2室,$51-100,日本菜,甜品/糖水,203
晉家門 119 Italio Restaurant & Bar,太子基隆街119號地舖,$101-200,印度菜,咖喱,73
捌壹壹 811 Sichuan Cuisine,旺角奶路臣街33號地下F號舖,$101-200,粵菜 (廣東),點心,61
Dorsett Café,葵涌健全街28號地舖,$101-200,川菜 (四川),火鍋,8
嚐味 Gusto Restaurant,荃灣青山公路荃灣段398號愉景新城2樓L2-2030號舖,$51-100,西式,西式,8
印度皇 Basmati (Taste of India),上環干諾道中137-139號三台商業大廈1樓,$51-100,港式,粉麵/米線,56
原の味 Naked,尖沙咀麼地道61號冠華中心地下G1號舖,$201-400,法國菜,甜品/糖水,147
Uptop Bistro and Bar,尖沙咀漆咸道南117號珀薈酒店19樓,$201-400,日本菜,壽司/刺身,96
相馬日式火鍋 Soma Shabu Shabu,觀塘成業街10號電訊一代廣場1樓B2號舖,$101-200,西式,沙律,62
居食屋「和民」 Watami Japanese Casual Restaurant,銅鑼灣告士打道311號皇室堡4樓401號舖,$101-200,日本菜,火鍋,78
Insta Crepes,中環蘇豪伊利近街63號地舖,$51-100,日本菜,壽司/刺身,27
Are U Labeler,何文田梭椏道25A地舖,$51-100,法國菜,甜品/糖水,16
貝爾特酒廊 pentalounge,屯門震寰路6號香港屯門貝爾特酒店1樓,$101-200,西式,咖啡店,10
Monkey Cafe,灣仔皇后大道東373號英皇駿景酒店地下,$101-200,港式,酒店餐廳,4
La Postre,尖沙咀厚福街8號H8地下,$101-200,西班牙菜,甜品/糖水,128
丼瀛 J-City,佐敦廟街188號地舖,$101-200,意大利菜,薄餅,111
GOCHISO,尖沙咀河內道18號K11購物藝術館2樓219-220舖,$101-200,日本菜,壽司/刺身,72
Tipsy Restaurant & Bar,大坑銅鑼灣道98號1樓,$201-400,意大利菜,薄餅,39
簡·愛 G·eyre Organic Fusion Bar,灣仔軒尼詩道69號華美樓地下,$101-200,西式,甜品/糖水,14
UME i’beriko,北角宏安道18號地下9號舖,$101-200,美國菜,海鮮,9
Pokka Cafe,荃灣青山公路荃灣段398號愉景新城1樓1064舖,$101-200,泰國菜,私房菜,6
Plato Cafe & Bistro,油麻地彌敦道483-485號2樓,$101-200,西式,樓上cafe,407
EAT ME Bar & Restaurant,旺角彌敦道560號譽發廣場5樓全層,$101-200,西式,甜品/糖水,474
Pom's Kitchen & Deli,佐敦德興街7號A-B號舖,$101-200,多國菜,咖啡店,268
FireBird,銅鑼灣邊寧頓街13號隆堡柏寧頓酒店地下,$101-200,意大利菜,咖啡店,276
億饍 Multi Taste,旺角彌敦道558-560號譽發廣場4樓,$101-200,日本菜,串燒,277
El Cerdo,荃灣大壩街77號地舖,$201-400,日本菜,火鍋,153
Mango Tree,尖沙咀柯士甸道西1號圓方(Elements)2樓2032號舖,$201-400,西班牙菜,西班牙菜,136
金蘭花泰國餐廳 Sawali Club,銅鑼灣怡和街22號3樓,$101-200,泰國菜,無肉餐單,129
英皇紅酒扒房 King's Wine & Dine,鰂魚涌英皇道668號健康村地下3號舖,$201-400,西式,甜品/糖水,59
愛麗絲的秘密花園 Wonder Garden Cafe,油麻地彌敦道577號高氏大樓6樓B號舖,$101-200,西式,酒,87
鍋匠中日火鍋專門店 Pot Master,旺角彌敦道613號飛達商業中心1樓,$101-200,西式,甜品/糖水,91
Hugo Le Resto Grill,銅鑼灣怡和街42-44號華人銀行東區大廈2樓,$201-400,港式,火鍋,59
Taylor Shellfish Farms,西環西營盤高街80-86號麗賢閣地下C及D舖,$201-400,西班牙菜,海鮮,28
金蘭花泰國菜 Sawali Club,灣仔軒尼詩道18-20號永昌大廈2樓,$101-200,多國菜,海鮮,60
Taylor Shellfish Farms,大坑新村街42-43號地舖,$201-400,泰國菜,泰國菜,20
OZU Bar,中環荷李活道1號地下,$101-200,多國菜,海鮮,15
居食屋「和民」 Watami Japanese Casual Restaurant,"太子彌敦道750號始創中心地庫B01A,B10-12及B14號舖",$101-200,日本菜,酒,77
龍圖閣海鮮飯店 Fresh Seafood Restaurant,尖沙咀漆咸道南17-19號帝后廣場1樓,$101-200,日本菜,壽司/刺身,31
居食屋「和民」 Watami Japanese Casual Restaurant,荔枝角深盛路9號宇晴軒宇晴匯商場2樓6號舖,$101-200,粵菜 (廣東),海鮮,8
KonFusion Restaurant and Bar,上環皇后大道西42-56號賴恩樓地下B號舖,$101-200,日本菜,壽司/刺身,10
居食屋「和民」 Watami Japanese Casual Restaurant,"沙田第一城第一城中心1樓133,134A及136C號舖",$101-200,意大利菜,薄餅,8
樂園 Happyland,尖沙咀北京道65-69號環球商業大廈2樓205-06室,$101-200,日本菜,拉麵,571
一起果醬 Let's Jam,尖沙咀松山道15-17號地下D舖,$101-200,多國菜,甜品/糖水,405
Dodam Chicken,銅鑼灣波斯富街99號利舞臺廣場18樓A號舖,$101-200,多國菜,甜品/糖水,398
Diletto,尖沙咀漆咸道南11-15號余仁生中心1樓,$201-400,韓國菜,韓式炸雞,298
Cambo ขุนทอง,尖沙咀彌敦道100號The ONE 4樓L403舖,$101-200,意大利菜,扒房,383
S2 Kitchen,中環威靈頓街51號地下A舖,$201-400,越南菜,泰國菜,436
慢煮工業 The Hangout by Under Vacuum,太子白楊街15-19號萬安大樓地下及1樓,$101-200,意大利菜,西式,314
凡高廚房 Van Gogh Kitchen,銅鑼灣軒尼詩道451-457號勝華樓2樓B室,$201-400,多國菜,海鮮,396
i kitchen,觀塘巧明街106號冠力工業大廈201室,$101-200,川菜 (四川),中菜館,250
ROJO,天后炮台山木星街3號地下B舖,$201-400,西式,西式糕點,230
Mela Italian & Spanish Cuisine,觀塘巧明街94號鴻圖中心地下5D號舖,$201-400,粵菜 (廣東),點心,219
正宗水上人氣鍋專門店 Boat Dweller Steam Hot Pot Specialist,旺角砵蘭街196號地下,$201-400,意大利菜,西班牙菜,261
Add Some Thai Restaurant,觀塘開源道62號駱駝漆大廈一座9樓D室,$101-200,西式,漢堡包,170
La Postre,上環永樂街50號昌盛大廈3樓,$201-400,多國菜,甜品/糖水,177
Fifty Fifty,長沙灣東沙島街青山道181號地下C舖,$51-100,意大利菜,海鮮,184
Check-In Taipei,中環蘇豪荷李活道27號地舖,$101-200,意大利菜,All Day Breakfast,143
Goobne Chicken,中環威靈頓街2-8號威靈頓廣場M88 5樓,$101-200,台灣菜,台式飲品,148
養心殿台式養生鍋,佐敦吳松街182號榮國中心2樓,$201-400,西班牙菜,酒,165
火鍋英雄 Hot Pot Hero,銅鑼灣駱克道491-499號京都廣場三樓,$201-400,台灣菜,火鍋,150
Brunch Club & Supper,銅鑼灣禮頓道13號1樓,$101-200,日本菜,壽司/刺身,188
Aldou Cafe,元朗馬田路38號怡豐花園3號地舖,$101-200,粵菜 (廣東),粉麵/米線,122
Texas Burger,天后電氣道109號地舖,$51-100,港式,燒烤,212
Anchor’s Seafood and Beer House,荃灣油柑頭青山公路汀九段123號汀蘭居地下,$201-400,粵菜 (廣東),山珍海味,94
金寶泰國菜館 Cambo Thai Restaurant,九龍城衙前塱道25號,$101-200,粵菜 (廣東),點心,118
香港郵意 Postcollectionhk Cafe,尖沙咀漆咸道南61-65號首都廣場2樓80-82號舖,$51-100,法國菜,法國菜,151
The Americano,荔枝角長沙灣道883號億利工業中心1樓12室,$101-200,港式,火鍋,134
Flâneur,佐敦官涌街3-5號煒亨大廈地舖,$101-200,法國菜,All Day Breakfast,94
Lex Coffee,西環堅尼地城卑路乍街100號地舖,$101-200,多國菜,多國菜,98
吱吱朕 Chi Chi Cham,中環蘇豪卑利街53號地舖,$101-200,法國菜,甜品/糖水,35
丼瀛 J-City,觀塘巧明街109號榮昌工業大廈5樓A室,$101-200,日本菜,酒吧,104
Porterhouse,中環蘭桂坊德己立街30-32號加州大廈7樓,$201-400,日本菜,壽司/刺身,57
好日咖啡店 GoodDay Cafe,銅鑼灣希雲街12號地舖,$51-100,澳洲菜,扒房,77
Main St. Deli,尖沙咀北京道8號香港朗廷酒店低層大堂,$201-400,港式,三文治,163
湘蜀人家 Xiangshu Restaurant,灣仔莊士敦道181號大有廣場2樓218號舖,$101-200,美國菜,漢堡包,70
意粉狂熱 Pastaholic,銅鑼灣告士打道311號皇室堡2樓203-204號舖,$101-200,川菜 (四川),中菜館,89
Cafe R&C,銅鑼灣希雲街22-24號地舖,$101-200,意大利菜,薄餅,98
Woody,銅鑼灣希雲街6-8號地下,$101-200,美國菜,漢堡包,78
FRITES Belgium on Tap,鰂魚涌太古坊英皇道979號濠豐大廈地下,$201-400,西式,咖啡店,76
蠔站 OS Oyster Station,尖沙咀諾士佛臺1號7樓,$101-200,比利時菜,比利時菜,50
壹壹漁一 One One Fish One,大角咀大角咀道88號旺角帝盛酒店2樓,$101-200,西式,海鮮,88
北京老家 Beijing Home,灣仔皇后大道東183號合和中心7樓704及8樓802號舖,$101-200,泰國菜,海鮮,83
八鍋堂．中日火鍋專門店 Hachi Nabe,旺角西洋菜街1號兆萬中心3樓301號舖,$201-400,京菜 (官府菜),湯品,120
I'm Nuts,灣仔汕頭街24號意可樓地下,$101-200,港式,火鍋,74
宿宿醉 Hang O Pho,中環閣麟街37號祥興商業大廈6樓,$51-100,西式,漢堡包,56
麥田廚房 Wheatfield Kitchen,銅鑼灣邊寧頓街13-15號2樓,$51-100,越南菜,法國菜,108
Starry Night,大角咀博文街8號地舖,$101-200,俄國菜,樓上cafe,79
Salt Recipes,元朗元龍街9號形點一期2樓2042號舖,$101-200,多國菜,多國菜,48
朝花夕拾 ZhaoHuaXiShi,尖沙咀河內道18號K11購物藝術館2樓201B號舖,$101-200,西式,西式,39
"The Italian Club - Wine Bar, Steak House & Pizza Gourmet",中環蘇豪伊利近街1-5號地舖,$201-400,日本菜,串燒,77
ZERO,旺角亞皆老街8號朗豪坊12樓5-9號舖,$101-200,意大利菜,酒,38
石牆道韓國餐廳 Dol Dam Gil Korean Restaurant,尖沙咀金巴利道27-33號永利大廈地下20及22號舖,$201-400,意大利菜,海鮮,84
焰淑泰國餐廳 Imsook Thai Kitchen,銅鑼灣登龍街18號V Point地下1號舖,$101-200,多國菜,酒吧,91
三川居酒屋 Sansen Japanese Bar and Restaurant,銅鑼灣軒尼詩道499號永光商業大廈地庫,$101-200,潮州菜,中菜館,139
叄嵐日本燒鳥串燒居酒屋 Arashi-Sann Japanese Restaurant and Bar,灣仔安樂里地下D舖,$101-200,西式,西式,48
Kampoeng,銅鑼灣糖街1-5號銅鑼灣商業大廈地庫,$51-100,日本菜,串燒,43
DOSE,中環卑利街28號地舖,$201-400,英國菜,英國菜,41
The Boathouse,赤柱赤柱大街86-88號,$201-400,西式,咖啡店,112
Anjappar Chettinad Indian Restaurant,尖沙咀寶勒巷3-7A號萬事昌廣場2樓202號舖,$101-200,西式,海鮮,69
棋吧 Odd Boardgame Bar & Cafe,旺角登打士街36號恒威商業中心12樓,$51-100,韓國菜,素食,59
The Trafalgar Brewing Company,旺角染布房街12-14A號依利大廈地下D號舖,$51-100,西式,樓上cafe,29
California Pizza Kitchen,紅磡黃埔新天地美食坊(第8期)3樓302號舖,$101-200,西式,薄餅,33
德國餐廳 Das Bier,元朗屏會街19號幸福樓1期地下16號舖,$101-200,美國菜,薄餅,42
星幕 Cielo,將軍澳唐德街3號香港九龍東皇冠假日酒店47樓,$101-200,多國菜,酒吧,21
正 麻辣·茶·雲吞,長沙灣昌華街38號麗寶花園地下5號舖,$50以下,美國菜,扒房,40
風流居酒屋 FuRyu Izakaya,大圍大圍村第3街32號地舖,$101-200,美國菜,薄餅,28
Pickled Pelican,赤柱赤柱大街90號地下及1樓,$201-400,美國菜,薄餅,40
街坊Cafe Kaifong Cafe,"旺角通菜街1號威達商業大厦地下1E,F& H號舖",$51-100,法國菜,甜品/糖水,409
吞POT 雞煲火鍋.住家菜 Lazy Pot,旺角彌敦道726號23樓,$101-200,港式,甜品/糖水,304
焱手工涮涮鍋 Yan Handcraft Hotpot,旺角彌敦道558-560號譽發廣場3樓,$201-400,港式,火鍋,173
吞POT 雞煲火鍋.住家菜 Lazy Pot,油麻地彌敦道560號譽發廣場22樓,$101-200,台灣菜,火鍋,133
Scarlett Cafe & Wine Bar,尖沙咀柯士甸路2號地舖,$201-400,港式,火鍋,92
鳥炎屋 Torienya,尖沙咀亞士厘道17-19號4樓,$201-400,韓國菜,火鍋,55
PVP,銅鑼灣謝斐道468號百達中心3樓,$101-200,日本菜,爐端燒,0
MoMo Café,西環干諾道西167號香港萬怡酒店,$201-400,西式,酒,58
The Oyster House,灣仔謝斐道154號地下C號舖,$201-400,多國菜,素食,177
DK Bar & Restaurant,尖沙咀金巴利道40號MW Plaza 2樓,$51-100,意大利菜,海鮮,39
Gastrobox The Union,西環堅尼地城卑路乍街150號加多近山地下1號舖,$101-200,日本菜,串燒,20
花朝軒 Fat Duck Den Seafood Cuisine,西貢萬年街79-81號地舖,$101-200,意大利菜,西式,23
LCB express,銅鑼灣駱克道487-489號駱克駅3樓,$101-200,京川滬,中菜館,10
Running 燒 Running BBQ,旺角彌敦道726號9樓,$201-400,西式,沙律,388
Zenon Café,中環威靈頓街86號地舖,$51-100,韓國菜,自助餐,221
The Grill Room,尖沙咀堪富利士道6-6A號爵寓2樓,$201-400,西式,三文治,163
Lifetastic,西環石塘咀山道31-37號地下B舖,$101-200,西式,扒房,138
Uptop Bistro and Bar,尖沙咀漆咸道南117號珀薈酒店19樓,$201-400,澳洲菜,All Day Breakfast,96
火鍋煮場,深水埗福榮街14號地舖,$201-400,西式,沙律,85
湯•米 Soup and Rice,旺角豉油街60-104號鴻都大廈地下AB舖,$51-100,粵菜 (廣東),火鍋,82
Aberdeen Street,中環蘇豪鴨巴甸街41-49號金豪大廈地下1號舖,$201-400,台灣菜,火鍋,69
麻浦元祖 Mapo Korean BBQ,尖沙咀亞士厘道35號九龍中心大廈地下B號舖,$101-200,法國菜,酒,46
Dacha Restaurant & Bar,中環蘇豪荷李活道38-40號地舖,$201-400,韓國菜,韓燒,37
BU Healthy Dining & Gathering,尖沙咀河內道18號K11購物藝術館3樓310-311號舖,$101-200,西式,蠔吧,20
享慢煮意 Fast Gourmet,中環善慶街9號地舖,$51-100,西式,西餐廳,25
喜膳燒 Happy Q,尖沙咀寶勒巷10號地舖,$101-200,多國菜,All Day Breakfast,86
相馬日式火鍋 Soma Shabu Shabu,觀塘成業街10號電訊一代廣場1樓B2號舖,$101-200,港式,串燒,62
相馬日式火鍋 Soma Shabu Shabu,荔枝角長義街10號昌隆工業大廈1樓B-C舖,$101-200,日本菜,火鍋,81
Doux,旺角彌敦道726號18樓全層,$101-200,日本菜,火鍋,380
卡莎338 Casa 338,長沙灣東京街50號地舖,$51-100,多國菜,甜品/糖水,133
黃記煌三汁燜鍋,尖沙咀加拿分道16號金輝大廈1樓,$101-200,西式,酒,70
大和豚総本店 YAMATON,旺角彌敦道639號雅蘭中心1樓101-102號舖,$101-200,京菜 (官府菜),火鍋,80
Pepino 意大利餐廳 Pepino Italian Restaurant,灣仔灣仔謝斐道238號香港諾富特世紀酒店1樓,$201-400,韓國菜,拉麵,64
Ent Restaurant and Bar,大埔汀角路龍尾村20號A地舖,$101-200,意大利菜,酒店餐廳,24
滿堂紅頂級雞煲火鍋 Mantanghong Supreme Hotpot,油麻地上海街375-379號明新大廈1樓及2樓全層地下5-7號舖,$101-200,西式,素食,55
滿堂紅雞煲烤魚特式火鍋,深水埗青山道29-33號永勝大廈地下,$101-200,川菜 (四川),火鍋,40
孖啡 Double Cafe,旺角彌敦道577號高氏大樓4樓,$51-100,粵菜 (廣東),火鍋,294
LAB EAT Restaurant & Bar,尖沙咀金巴利道87-89號僑豐大厦地下1-2號舖,$201-400,意大利菜,咖啡店,432
Yadllie Plate,旺角西洋菜街1號兆萬中心11樓,$101-200,西式,海鮮,484
EAT ME Bar & Restaurant,旺角彌敦道560號譽發廣場5樓全層,$101-200,韓國菜,韓式炸雞,474
Cosmos Restaurant & Bar,尖沙咀寶勒巷27號東滙商業大厦地舖,$101-200,多國菜,咖啡店,239
Rang Mahal Authentic Indian Cuisine,中環皇后大道中118號2樓,$101-200,西式,海鮮,206
WIRED CAFE,尖沙咀彌敦道 118 -130號美麗華廣場二期低層地下B169 號舖,$101-200,印度菜,印度菜,137
泰邊爐 Thai Bin Lo,旺角彌敦道628號瓊華中心9樓,$101-200,日本菜,甜品/糖水,129
7E咖喱王 Khyber Pass Mess Club,尖沙咀彌敦道36-44號重慶大廈E座7樓E2室,$51-100,泰國菜,火鍋,203
Olive Cafe,大埔安邦路9號大埔超級城A區地下012A舖,$101-200,印度菜,咖喱,90
晉家門 119 Italio Restaurant & Bar,太子基隆街119號地舖,$101-200,日本菜,西式,73
城市匯 Urban Park,尖沙咀加連威老道20-22號瑞生尖沙咀酒店4樓,$201-400,泰國菜,咪嘥嘢食店,44
Mr. Korea BBQ,尖沙咀柯士甸道140-142號瑞信集團大廈一樓,$201-400,西式,扒房,57
Tipsy Restaurant & Bar,大坑銅鑼灣道98號1樓,$201-400,韓國菜,烤肉,39
泰越概念 V.THAi,銅鑼灣渣甸街66號Aura on Pennington 3樓,$101-200,多國菜,酒,43
Orange Tree,中環蘭桂坊15-16號協興大廈5樓,$201-400,越南菜,咖喱,26
城市匯 Urban Park,中環德輔道中173號南豐大廈2樓3-5號店,$201-400,荷蘭菜,荷蘭菜,35
Sushi Sora,尖沙咀柯士甸路3號富好中心地舖,$401-800,西式,扒房,39
蠔站 O S Plus,將軍澳唐德街9號將軍澳中心1樓163B舖,$201-400,日本菜,同客食飯,24
捌壹壹 811 Sichuan Cuisine,旺角奶路臣街33號地下F號舖,$101-200,西式,海鮮,61
湯•米 Soup And Rice,將軍澳唐賢街23號帝景灣商場1樓40號舖,$51-100,川菜 (四川),火鍋,21
Papa Joe,尖沙咀諾士佛臺1號8樓,$201-400,台灣菜,粉麵/米線,8
Urban Café,旺角彌敦道566-568A號僑建大廈2樓,$50以下,多國菜,沙律,17
The Hideout Coffee House,西環西營盤第三街63號地下B舖,$51-100,港式,粉麵/米線,25
Phytofiz Bar,旺角登打士街56號家樂坊19樓1906室,$50以下,西式,三文治,4
701 Place,元朗大棠道水蕉新村701號地舖,$101-200,港式,甜品/糖水,1
殿 大喜屋日本料理 TONO DAIKIYA Japanese Restaurant,尖沙咀金巴利道26號1樓,$201-400,多國菜,多國菜,326
樂天大喜屋日本料理 Daikiya Japanese Restaurant,旺角彌敦道593-601號創興廣場2樓,$201-400,日本菜,壽司/刺身,311
Go Inside Kitchen,觀塘觀塘道404號時運工業大廈5樓D室,$101-200,日本菜,日式放題,276
億饍 Multi Taste,旺角彌敦道558-560號譽發廣場4樓,$101-200,意大利菜,西式,277
大喜屋日本料理 Daikiya Japanese Restaurant,尖沙咀彌敦道74-78號文遜大厦5樓,$201-400,粵菜 (廣東),湯品,337
LA Creperie,銅鑼灣駱克道459-461號The L. Square 8樓,$101-200,日本菜,日式放題,141
巧得鍋 How Awesome,觀塘成業街15-17號成運工業大廈1樓12-14舖,$201-400,法國菜,甜品/糖水,141
鮨心 Kokoro Sushi,旺角彌敦道703-705號金鑽璽1樓(快富街入口),$201-400,港式,火鍋,187
BOM Cuisine,長沙灣青山道441號地舖,$51-100,日本菜,壽司/刺身,119
Rosie's Cafe by cafe company,沙田沙田正街18號新城市廣場第三期3樓A305號舖,$101-200,西式,西餐廳,84
莱茵河餐廳 Rhine River Restaurant & Bar,荃灣大壩街71號德仁樓第16期地下7號舖,$51-100,西式,咖啡店,86
Namo Avant Thai Restaurant,"尖沙咀麼地道68號帝國中心G2-4,18-22號舖",$201-400,意大利菜,西式,74
屏山跑車餐廳 Motors Café,元朗屏山坑尾村105號地舖,$101-200,泰國菜,酒吧,48
居食屋「和民」 Watami Japanese Casual Restaurant,銅鑼灣告士打道311號皇室堡4樓401號舖,$101-200,西式,咖啡店,78
泰皇閣泰國菜館 Thai Palace Restaurant,九龍城衙前塱道15號地舖,$101-200,法國菜,甜品/糖水,46
La Cobi Restaurant & Tapas,灣仔麥加力歌街13號地舖,$201-400,泰國菜,酒,39
La Cantoche,上環華里5號地下/荷李活道227號,$201-400,西班牙菜,海鮮,25
饗和民 KYO Watami,尖沙咀廣東道28號新太陽廣場B09號舖,$101-200,法國菜,法國菜,16
UME i’beriko,北角宏安道18號地下9號舖,$101-200,港式,酒店餐廳,9
Pom's Kitchen & Deli,佐敦德興街7號A-B號舖,$101-200,西式,酒店餐廳,268
Mini Friday,旺角西洋菜南街2號銀城廣場9樓,$101-200,西式,西餐廳,214
Mini Friday,觀塘興業街4號The Wave 3樓,$101-200,西式,西式糕點,231
Wing's Kitchen,尖沙咀漆咸道南45-51號其士大廈地下C及D舖,$101-200,西式,西式糕點,217
千賀水產 Ten Million Japanese Restaurant,元朗西裕街達輝徑1號足彬大廈1號地舖,$101-200,意大利菜,薄餅,186
616牛肉火鍋專門店,元朗西菁街9號富盛大廈地下95-100號舖,$101-200,日本菜,日式放題,144
Texas Burger,天后電氣道109號地舖,$51-100,港式,火鍋,212
616麥子,尖沙咀赫德道4號The Hart 1樓,$201-400,西式,漢堡包,151
LAB EAT Restaurant & Bar,旺角彌敦道700號T.O.P. This is Our Place 5樓502號舖,$201-400,港式,火鍋,88
Villa Villa,大角咀埃華街88-102號大全樓地下B及D號舖,$101-200,西式,甜品/糖水,57
大勝丼 Daikatsu Don,旺角彌敦道594-596號旺角新城5樓,$101-200,意大利菜,薄餅,46
BABY K Bora Seafood,尖沙咀河內道18號K11購物藝術館3樓314號舖,$101-200,日本菜,壽司/刺身,50
掌壽司 Tenohira Sushi,觀塘開源道60號駱駝漆大廈3座5樓U室,$201-400,西式,薄餅,308
FireBird,銅鑼灣邊寧頓街13號隆堡柏寧頓酒店地下,$101-200,日本菜,壽司/刺身,276
K2 Kitchen,觀塘巧明街106號冠力工業大廈13樓6室,$101-200,日本菜,串燒,260
i kitchen,觀塘巧明街106號冠力工業大廈201室,$101-200,多國菜,海鮮,250
ROJO,天后炮台山木星街3號地下B舖,$201-400,多國菜,多國菜,230
One More Hotpot 來一鍋 One More Hotpot,銅鑼灣堅拿道西10號冠景樓2樓A號舖,$201-400,西班牙菜,酒,273
La Postre,上環永樂街50號昌盛大廈3樓,$201-400,多國菜,火鍋,177
Manecy's Studio Restaurant,銅鑼灣駱克道447-449號中威商業大廈1樓,$101-200,西班牙菜,甜品/糖水,170
喜來稀肉 Seorae,旺角廣華街3號百利達廣場地庫,$101-200,德國菜,西班牙菜,82
Outdark,尖沙咀厚福街8號H8 17樓,$101-200,韓國菜,烤肉,94
LA Creperie,灣仔皇后大道東100-102號鉅芝樓1樓,$101-200,韓國菜,韓式炸雞,159
浪人日本料理 Ronin Japanese Cuisine,中環威靈頓街2-8號威靈頓廣場M88 6樓,$201-400,法國菜,甜品/糖水,113
616牛肉火鍋專門店,西環皇后大道西384-386號三多大樓地下A號舖,$101-200,日本菜,壽司/刺身,87
丼瀛 J-City,佐敦廟街188號地舖,$101-200,港式,火鍋,111
GOCHISO,尖沙咀河內道18號K11購物藝術館2樓219-220舖,$101-200,西式,海鮮,72
La Creperie,上環蘇杭街69號地下,$101-200,意大利菜,薄餅,79
Starry Night,大角咀博文街8號地舖,$101-200,法國菜,甜品/糖水,79
熊小館 Cafe MED,荃灣青山公路荃灣段398號愉景新城2樓2029號舖,$51-100,多國菜,多國菜,67
鳳雛燉雞 Bongchu Jjimdak,旺角彌敦道726號10樓,$101-200,西式,咖啡店,56
琛夜食堂,尖沙咀厚福街12號藍馬商業大廈5樓,$101-200,韓國菜,韓國菜,49
焰淑泰國餐廳 Imsook Thai Kitchen,銅鑼灣登龍街18號V Point地下1號舖,$101-200,日本菜,烤肉,91
Plato Cafe & Bistro,佐敦吳松街186-188號地舖,$101-200,泰國菜,私房菜,97
夏娃 Eve Bistro,北角和富道118號康華大廈地下C1號舖,$101-200,西式,甜品/糖水,43
小曼谷泰國美食 Mini Bangkok Thai Food,元朗教育路50號兆明樓地下A號舖,$101-200,德國菜,扒房,43
簡·愛 G·eyre Organic Fusion Bar,灣仔軒尼詩道69號華美樓地下,$101-200,泰國菜,泰國菜,14
安柏娃 Amphawa,佐敦吳松街102號地下,$51-100,美國菜,海鮮,5
Burgerism,紅磡必嘉街103-105號寶石戲院大廈地下L舖,$101-200,泰國菜,私房菜,6
Pokka Cafe,荃灣青山公路荃灣段398號愉景新城1樓1064舖,$101-200,西式,漢堡包,6
The Mafe Cafe,旺角彌敦道577號高氏大樓3樓A-B室,$51-100,西式,樓上cafe,98
明悅軒 Ming Yuet Restaurant,大圍田心村252號地舖,$51-100,西式,甜品/糖水,6
Jacky's Kitchen,天后威非路道23號,$201-400,川菜 (四川),中菜館,92
兄弟幫冰室。大排檔,旺角上海街497號地舖,$50以下,法國菜,西餐廳,6
CHEF STAGE de Eddy Chu,尖沙咀亞士厘道17-19號19樓,$201-400,港式,雞煲,650
The Grill Room,銅鑼灣駱克道459-461號The L. Square 5樓,$201-400,西式,酒,508
Manhattan Grill & Bar,觀塘觀塘道414號一亞太中心(OPC)3樓303號舖,$201-400,西式,甜品/糖水,354
Amico 1890,旺角洗衣街24號地舖,$101-200,美國菜,酒吧,278
八幡屋涮涮鍋 Yahataya Shabu Shabu,旺角彌敦道628號瓊華中心12樓全層,$101-200,西式,薄餅,371
Mela Italian & Spanish Cuisine,觀塘巧明街94號鴻圖中心地下5D號舖,$201-400,日本菜,火鍋,219
Ocio,大圍積存街74-76號地下A舖,$101-200,港式,火鍋,210
大喜屋日本料理 Daikiya Japanese Restaurant,銅鑼灣軒尼詩道502號黃金廣場7樓,$201-400,多國菜,甜品/糖水,214
Siam 28,銅鑼灣軒尼詩道525號澳門逸園中心28樓,$101-200,日本菜,日式放題,157
Darci by Aldou,元朗鳳攸南街9號好順利大廈地下60號,$101-200,泰國菜,海鮮,170
Neighbor,銅鑼灣邊寧頓街5號地鋪,$101-200,多國菜,海鮮,207
極尚大喜屋日本料理 Deluxe Daikiya Japanese Restaurant,銅鑼灣軒尼詩道489號銅鑼灣廣場一期9樓,$201-400,意大利菜,扒房,185
Chic by The Oyster House,尖沙咀金馬倫道33號The Cameron 2樓,$401-800,港式,火鍋,173
Gioia Charcoal Grill & Oyster Bar,西環堅尼地城吉席街55-57號美新大廈地下A-C舖,$201-400,西式,蠔吧,171
Ulyssa by Aldou,荔枝角長沙灣道883號億利工業中心2樓203室,$101-200,多國菜,海鮮,147
Y Show Tasty,尖沙咀厚福街8號H8 12樓,$101-200,西式,咖啡店,133
滿屋日本料理 Manya Japanese Restaurant,荃灣眾安街55號大鴻輝(荃灣)中心10樓,$201-400,西式,西式,215
魔膳廚房 MS KITCHEN,觀塘開源道77號業發大廈一期2樓D室,$101-200,日本菜,日式放題,268
Aldou Cafe,元朗馬田路38號怡豐花園3號地舖,$101-200,西式,甜品/糖水,122
金蘭花泰國餐廳 Sawali Club,銅鑼灣怡和街22號3樓,$101-200,港式,火鍋,129
意粉狂熱 Pastaholic,旺角彌敦道639號雅蘭中心2樓208號舖,$101-200,泰國菜,泰國菜,117
泰廳 Thai Ten,元朗青山公路元朗段234-242號福德樓地下5號舖,$51-100,意大利菜,薄餅,114
FRITES Belgium on Tap,中環威靈頓街198號The Wellington 1樓,$201-400,泰國菜,泰國菜,101
Pizza Piazza,荔枝角長沙灣道883號億利工業中心地下1A舖,$101-200,川菜 (四川),火鍋,135
香港郵意 Postcollectionhk Cafe,尖沙咀漆咸道南61-65號首都廣場2樓80-82號舖,$51-100,德國菜,德國菜,151
翠林辣蟹舫 Greenland Spicy Crab,尖沙咀亞士厘道24-38號天星大廈1樓A號舖,$101-200,多國菜,甜品/糖水,114
Beerliner German Bar & Restaurant,葵芳興芳路223號新都會廣場5樓531-540店,$201-400,粵菜 (廣東),海鮮,73
Amina Modern European,尖沙咀廣東道82-84號流尚坊8樓全層,$401-800,德國菜,適合大夥人,111
鮮一夜火鍋 One Night Pot,荃灣眾安街55號大鴻輝中心21樓B室,$201-400,意大利菜,Fine Dining,83
Layback Cafe & Bar,尖沙咀加連威老道41號C-D嘉威大厦4樓B室,$101-200,港式,火鍋,89
意粉狂熱 Pastaholic,銅鑼灣告士打道311號皇室堡2樓203-204號舖,$101-200,多國菜,漢堡包,89
Woody,銅鑼灣希雲街6-8號地下,$101-200,港式,火鍋,78
品越越式料理 La'taste Vietnamese Cuisine,旺角彌敦道639號雅蘭中心1樓116號舖,$51-100,西式,咖啡店,115
FRITES Belgium on Tap,鰂魚涌太古坊英皇道979號濠豐大廈地下,$201-400,越南菜,粉麵/米線,76
花見月 Yayoi Japanese Dining Room,沙田白石角香港科學園第二期科技大道西8號尚湖樓地下S036號舖,$101-200,比利時菜,比利時菜,67
Involtini Italian Cuisine,銅鑼灣駱克道459-461號 The L. Square 11樓,$201-400,日本菜,壽司/刺身,55
Beerliner German Bar & Restaurant,大角咀海泓道1號奧海城三期地下G18號舖,$201-400,意大利菜,西式糕點,104
英皇紅酒扒房 King's Wine & Dine,鰂魚涌英皇道668號健康村地下3號舖,$201-400,德國菜,適合大夥人,59
ZERO,旺角亞皆老街8號朗豪坊12樓5-9號舖,$101-200,西式,酒,38
蠔門宴 Oyster Paradise,九龍城城南道72-74號地下,$201-400,意大利菜,海鮮,99
來佬餐館 Loyal Dining,灣仔杜老誌道5號地下至1樓,$101-200,日本菜,壽司/刺身,25
Oyster Season,元朗元朗馬田路38號怡豐花園A座地下67號舖,$201-400,港式,無肉餐單,55
愛麗絲的秘密花園 Wonder Garden Cafe,油麻地彌敦道577號高氏大樓6樓B號舖,$101-200,秘魯菜,海鮮,87
Shoreditch,西環堅尼地城吉席街18號地舖,$201-400,港式,火鍋,36
FRITES Belgium on Tap,灣仔港灣道28號Brim 28灣景中心1樓6號舖,$201-400,日本菜,串燒,42
紅蔥頭 Cafe MED,旺角亞皆老街8號朗豪坊11樓25-29號舖,$51-100,比利時菜,西餐廳,112
Hugo Le Resto Grill,銅鑼灣怡和街42-44號華人銀行東區大廈2樓,$201-400,西式,西式,59
Main Place,太子花園街227-231號翠庭閣地下1號舖,$51-100,西式,薄餅,41
Enjoy Chef,荔枝角長沙灣道883號億利工業中心7樓704室,$101-200,多國菜,酒吧,37
Amber’s Table,紅磡黃埔新天地百寶坊(第3期)地下G27號舖,$101-200,西式,多國菜,29
浦和日本料理 Urawa Japanese Restaurant,上環德輔道中244-252號東協大廈地下及地庫,$201-400,西式,Fine Dining,63
Taylor Shellfish Farms,西環西營盤高街80-86號麗賢閣地下C及D舖,$201-400,日本菜,壽司/刺身,28
Padstow Restaurant & Bar,西貢白沙灣112號,$101-200,多國菜,海鮮,16
小城鎮 Little Town,北角明園西街2-6號明苑中心地舖,$51-100,英國菜,海鮮,86
金蘭花泰國菜 Sawali Club,灣仔軒尼詩道18-20號永昌大廈2樓,$101-200,西式,薄餅,60
品越越式料理 La'taste Vietnamese Cuisine,太古康山道1-2號康怡廣場北座1樓7號舖,$51-100,泰國菜,泰國菜,23
Taylor Shellfish Farms,大坑新村街42-43號地舖,$201-400,越南菜,粉麵/米線,20
HEITI'S House,新蒲崗仁愛街48號地下,$201-400,西式,茶館,23
胡爐 Wulu,銅鑼灣耀華街3號百樂中心3樓,$101-200,西式,西餐廳,30
居食屋「和民」 Watami Japanese Casual Restaurant,"太子彌敦道750號始創中心地庫B01A,B10-12及B14號舖",$101-200,粵菜 (廣東),火鍋,77
品越越式料理 La'taste Vietnamese Cuisine,金鐘夏慤道16號遠東金融中心地下C2號舖,$51-100,日本菜,壽司/刺身,13
龍圖閣海鮮飯店 Fresh Seafood Restaurant,尖沙咀漆咸道南17-19號帝后廣場1樓,$101-200,越南菜,粉麵/米線,31
為食仔海鮮火鍋專門店 Hungry Boy,旺角彌敦道558-560號譽發廣場7樓,$201-400,日本菜,壽司/刺身,10
KonFusion Restaurant and Bar,上環皇后大道西42-56號賴恩樓地下B號舖,$101-200,川菜 (四川),火鍋,10
為食仔卜卜蜆私房菜,銅鑼灣駱克道491-499號京都廣場9樓,$201-400,意大利菜,薄餅,10
品越越式料理 La'taste Vietnamese Cuisine,大角咀海泓道1號奧海城三期地下G30號舖,$51-100,港式,私房菜,8
居食屋「和民」 Watami Japanese Casual Restaurant,"沙田第一城第一城中心1樓133,134A及136C號舖",$101-200,越南菜,粉麵/米線,8
龍華火焰正宗烤魚海鮮火鍋專門店,土瓜灣北帝街29-35號八景樓1樓A-D號舖,$101-200,日本菜,拉麵,12
Nomads,尖沙咀金巴利道53-59號地下A室,$201-400,川菜 (四川),火鍋,27
瀛鍋 EI Restaurant,九龍城福佬村道82至84號福成閣地下A至B舖,$201-400,蒙古菜,薄餅,13
高湯點心饕 Comely Tea．Dimsum & Hob,深水埗福榮街136號地舖,$50以下,意大利菜,意大利菜,1
深巷有魚小魚館 Dragon Cook,佐敦文英街文英樓地下6號舖,$101-200,粵菜 (廣東),點心,0
Shine,尖沙咀北京道12A號太子集團中心6樓,$201-400,粵菜 (廣東),火鍋,687
漁獲浜燒 Toretore Hamayaki,銅鑼灣軒尼詩道525號澳門逸園中心18樓,$201-400,西式,酒,498
樂園 Happyland,尖沙咀北京道65-69號環球商業大廈2樓205-06室,$101-200,日本菜,日本菜,571
