LAB EAT Restaurant & Bar,尖沙咀金巴利道87-89號僑豐大厦地下1-2號舖,$201-400,西式,海鮮,436,(565 食評),50744,網上訂座可享75折優惠
Shine,尖沙咀北京道12A號太子集團中心6樓,$201-400,西式,酒,693,(777 食評),21136,送 25里數 / 30積分
Yadllie Plate,旺角西洋菜街1號兆萬中心11樓,$101-200,韓國菜,韓式炸雞,487,(630 食評),27681,早鳥及消夜時段訂座 可享全單八折優惠
漁獲浜燒 Toretore Hamayaki,銅鑼灣軒尼詩道525號澳門逸園中心18樓,$201-400,日本菜,日本菜,503,(524 食評),19647,送 25里數 / 30積分
心之食堂 Love Cafe,銅鑼灣耀華街3號百樂中心12樓1203室,$201-400,日本菜,壽司/刺身,490,(545 食評),6580,全單85折
The Grill Room,銅鑼灣駱克道459-461號The L. Square 5樓,$201-400,西式,扒房,508,(662 食評),32342,網上訂座八折優惠-商務二人或四人套餐
Sky726,旺角彌敦道724-726號25樓,$201-400,法國菜,甜品/糖水,369,(496 食評),38563,自選餐牌主菜買一送一優惠 或 甜品8折優惠； 飲品一律8折
Burgeroom,尖沙咀彌敦道132號美麗華廣場一期2 樓 207 號舖,$51-100,美國菜,漢堡包,437,(511 食評),13841,送 25里數 / 30積分
樂園 Happyland,尖沙咀北京道65-69號環球商業大廈2樓205-06室,$101-200,西式,樓上cafe,574,(637 食評),10097,送 25里數 / 30積分
The Hwaduk,銅鑼灣開平道1號Cubus 21樓,$101-200,韓國菜,韓式炸雞,450,(498 食評),16542,送 25里數 / 30積分
The Joomak,尖沙咀廣東道3-27號海港城海運大廈3樓LCX 34號舖,$101-200,韓國菜,沙律,470,(629 食評),21527,送 25里數 / 30積分
和匠日式燒肉店 Wa Shou Yakiniku,佐敦長樂街23-27號德威大廈地下3號舖,$201-400,日本菜,烤肉,484,(537 食評),13021,送 25里數 / 30積分
嵐山日本料理 Arashiyama Japanese Restaurant,尖沙咀棉登徑11號地舖,$201-400,日本菜,壽司/刺身,341,(382 食評),15121,送 25里數 / 30積分
Doux,旺角彌敦道726號18樓全層,$101-200,多國菜,甜品/糖水,380,(473 食評),17162,正價75折 主菜餐牌 訂座享主主菜75折
Plato Cafe & Bistro,油麻地彌敦道483-485號2樓,$101-200,西式,甜品/糖水,409,(506 食評),22898,訂座可贈送小食
鳥居居酒屋 tori izakaya,銅鑼灣軒尼詩道525號澳門逸園中心17樓,$201-400,日本菜,爐端燒,414,(473 食評),14163,送 25里數 / 30積分
一起果醬 Let's Jam,尖沙咀松山道15-17號地下D舖,$101-200,西式,甜品/糖水,407,(475 食評),12469,送 25里數 / 30積分
街坊Cafe Kaifong Cafe,"旺角通菜街1號威達商業大厦地下1E,F& H號舖",$51-100,港式,甜品/糖水,415,(519 食評),25489,主餐牌5折及飲品5折（龍蝦類除外）
Amour Corner,旺角砵蘭街106號地下,$101-200,西式,扒房,375,(474 食評),15523,提供網上訂座
Ocio,旺角煙廠街33號朗廷軒地下B舖,$101-200,多國菜,甜品/糖水,432,(614 食評),18294,送 25里數 / 30積分
Dodam Chicken,銅鑼灣波斯富街99號利舞臺廣場18樓A號舖,$101-200,韓國菜,韓式炸雞,407,(470 食評),12100,送 25里數 / 30積分
殿 大喜屋日本料理 TONO DAIKIYA Japanese Restaurant,尖沙咀金巴利道26號1樓,$201-400,日本菜,壽司/刺身,337,(470 食評),34155,特選時段 85 折優惠！晚市19：30前離座及21：15後入座享有，不得與其他優惠並用，加一以原價計算
Diletto,尖沙咀漆咸道南11-15號余仁生中心1樓,$201-400,意大利菜,扒房,301,(402 食評),20501,送 25里數 / 30積分
深宵食堂,銅鑼灣耀華街百樂中心6樓,$201-400,日本菜,串燒,381,(429 食評),11037,提供網上訂座
新泰東南亞餐廳 Sun Thai Restaurant,灣仔軒尼詩道314-324號 W Square 2樓,$101-200,泰國菜,咖喱,365,(441 食評),15072,全單8折
吞POT 雞煲火鍋.住家菜 Lazy Pot,旺角彌敦道726號23樓,$101-200,港式,火鍋,305,(336 食評),14313,9:30宵夜時段所有火鍋配料及小食半價
神戶屋日韓放題 Kobe Fusion Restaurant,旺角西洋菜街1號兆萬中心8樓,$201-400,韓國菜,壽司/刺身,549,(675 食評),16806,送 25里數 / 30積分
OPPA韓國燒肉店 OPPA Korean Restaurant,旺角洗衣街117號建煌華廈地下,$101-200,韓國菜,海鮮,300,(349 食評),12653,提供網上訂座
Mr. Crab by The Captain's House,灣仔莊士敦道74-78號一樓及地下C號舖,$101-200,西式,海鮮,362,(404 食評),11864,送 25里數 / 30積分
孖啡 Double Cafe,旺角彌敦道577號高氏大樓4樓,$51-100,西式,甜品/糖水,295,(386 食評),20621,訂座可享79折優惠
Cambo ขุนทอง,尖沙咀彌敦道100號The ONE 4樓L403舖,$101-200,越南菜,泰國菜,383,(622 食評),22984,送 25里數 / 30積分
EAT ME Bar & Restaurant,旺角彌敦道560號譽發廣場5樓全層,$101-200,多國菜,咖啡店,481,(657 食評),20580,全單5折
Candies Foodies,尖沙咀樂道36-50號華源大廈1B-2B閣樓,$101-200,西式,咖啡店,350,(398 食評),9309,送 25里數 / 30積分
S2 Kitchen,中環威靈頓街51號地下A舖,$201-400,日本菜,壽司/刺身,444,(536 食評),16120,送 25里數 / 30積分
掌壽司 Tenohira Sushi,觀塘開源道60號駱駝漆大廈3座5樓U室,$201-400,日本菜,壽司/刺身,312,(392 食評),11306,全單9折
I's Land Cafe,觀塘開源道62號駱駝漆大廈1座6樓A舖,$101-200,港式,西式糕點,304,(456 食評),21516,送 25里數 / 30積分
Manhattan Grill & Bar,觀塘觀塘道414號一亞太中心(OPC)3樓303號舖,$201-400,美國菜,酒吧,358,(489 食評),12989,訂座享免費生日甜品及特色小食一客
Pom's Kitchen & Deli,佐敦德興街7號A-B號舖,$101-200,西式,西餐廳,268,(361 食評),18560,專享特別優惠
Le Viet,尖沙咀彌敦道100號The ONE 4樓L402舖,$101-200,越南菜,串燒,309,(391 食評),9077,送 25里數 / 30積分
第三站 Station 3 Cafe,旺角洗衣街39號金雞廣場25樓08-09室,$101-200,意大利菜,咖啡店,270,(380 食評),17018,全單79折
慢煮工業 Under Vacuum The Steak,太子太子道西91號地舖,$51-100,西式,三文治,258,(388 食評),21502,送 25里數 / 30積分
The Place,旺角上海街555號香港康得思酒店L樓層,$401-800,多國菜,海鮮,239,(481 食評),52153,全單75折
FireBird,銅鑼灣邊寧頓街13號隆堡柏寧頓酒店地下,$101-200,日本菜,串燒,280,(315 食評),8238,訂座可享主餐牌9折
樂天大喜屋日本料理 Daikiya Japanese Restaurant,旺角彌敦道593-601號創興廣場2樓,$201-400,日本菜,日式放題,311,(414 食評),26522,樂天大喜屋 晚市85折特惠時段
慢煮工業 The Hangout by Under Vacuum,太子白楊街15-19號萬安大樓地下及1樓,$101-200,西式,酒,320,(413 食評),12090,送 25里數 / 30積分
K2 Kitchen,觀塘巧明街106號冠力工業大廈13樓6室,$101-200,多國菜,海鮮,262,(312 食評),8300,提供網上訂座
Odelice!,灣仔蘭杜街2號地下9號舖,$101-200,法國菜,法國菜,272,(352 食評),20323,送 25里數 / 30積分
OPPA韓國燒肉店 OPPA Korean Restaurant,大埔舊墟直街4-20號美新大廈地下B2舖,$101-200,韓國菜,海鮮,302,(342 食評),6470,提供網上訂座
悠蔬食 Leisurely Veggie,銅鑼灣渣甸街50號渣甸中心25樓,$101-200,多國菜,素食,238,(300 食評),15347,送 25里數 / 30積分
麻辣派對 Chili Party,銅鑼灣記利佐治街1號金百利廣場4樓R1號舖,$101-200,川菜 (四川),中菜館,240,(291 食評),9031,送 25里數 / 30積分
16 Shell,天后炮台山蜆殼街6-16號寶榮大廈地下B舖,$101-200,意大利菜,咖啡店,336,(379 食評),7344,全單8折
吃吧 Chiba,旺角彌敦道566-568號僑建大廈2樓2室,$101-200,西式,酒吧,235,(276 食評),11223,全單8折
Lo Spazio,銅鑼灣恩平道42號亨利中心7樓,$201-400,意大利菜,海鮮,251,(281 食評),9184,送 25里數 / 30積分
Amico 1890,旺角洗衣街24號地舖,$101-200,西式,薄餅,279,(387 食評),18514,訂座贈送意大利甜品
Cosmos Restaurant & Bar,尖沙咀寶勒巷27號東滙商業大厦地舖,$101-200,西式,海鮮,240,(287 食評),11677,訂座可享8折優惠
凡高廚房 Van Gogh Kitchen,銅鑼灣軒尼詩道451-457號勝華樓2樓B室,$201-400,意大利菜,西餐廳,396,(452 食評),8917,送 25里數 / 30積分
漁火海鮮刺身火鍋,銅鑼灣駱克道491-499號京都廣場8樓,$201-400,粵菜 (廣東),火鍋,277,(288 食評),7395,九點半後入座可享全單八折優惠
Mini Friday,旺角西洋菜南街2號銀城廣場9樓,$101-200,西式,西式糕點,216,(288 食評),14880,訂座可享有主餐牌食品88折及飲品半價優惠
i kitchen,觀塘巧明街106號冠力工業大廈201室,$101-200,多國菜,多國菜,251,(296 食評),10497,提供網上訂座
靚煲皇 Supreme Hot Pot,旺角塘尾道18號嘉禮大廈地舖,$101-200,港式,火鍋,281,(313 食評),5798,提供網上訂座
Mini Friday,觀塘興業街4號The Wave 3樓,$101-200,西式,西式糕點,231,(316 食評),10874,訂座可享有主餐牌88折
大喜屋日本料理 Daikiya Japanese Restaurant,尖沙咀彌敦道74-78號文遜大厦5樓,$201-400,日本菜,日式放題,337,(452 食評),24163,特選時段 85 折優惠！晚市19：30前離座及21：15後入座享有，不得與其他優惠並用，加一以原價計算
泰聚 Thai Gather Restaurant & Bar,太子花園街239號嘉慶苑地下,$101-200,泰國菜,咖喱,233,(259 食評),5434,15% Off
磯野水產 Isono Suisan,銅鑼灣軒尼詩道525號澳門逸園中心19樓,$201-400,日本菜,海鮮,226,(234 食評),4053,送 25里數 / 30積分
九重鮮 Steam Fresh,紅磡黃埔新天地聚寶坊(第11期)地下G26號,$101-200,韓國菜,火鍋,285,(333 食評),11040,提供網上訂座
ROJO,天后炮台山木星街3號地下B舖,$201-400,西班牙菜,酒,230,(263 食評),5696,餐廳優惠月: 網上訂座以$88享Tapas 套餐
雅 ‧悠蔬食 Leisurely Veggie,尖沙咀金馬倫道48號中國保險大廈3樓B號舖,$101-200,多國菜,素食,202,(257 食評),10748,送 25里數 / 30積分
AGE Cuisine Express,鰂魚涌英皇道1065號東達中心1104B室,$101-200,多國菜,薄餅,250,(290 食評),4747,送 25里數 / 30積分
滾得囍宮廷火鍋小炒 Big Boils Club,北角馬寶道33號馬寶學林1樓116-125號舖,$201-400,粵菜 (廣東),火鍋,226,(252 食評),8069,送 25里數 / 30積分
泰斗 Thai Master Restaurant & Bar,尖沙咀海防道38-40號中達大廈4樓全層,$201-400,泰國菜,泰國菜,236,(289 食評),13872,送 25里數 / 30積分
One More Hotpot 來一鍋 One More Hotpot,銅鑼灣堅拿道西10號冠景樓2樓A號舖,$201-400,多國菜,火鍋,276,(296 食評),4049,全單85折
Mela Italian & Spanish Cuisine,觀塘巧明街94號鴻圖中心地下5D號舖,$201-400,意大利菜,西班牙菜,221,(237 食評),4108,送 25里數 / 30積分
蜀府川鍋,油塘四山街2號油塘工業大廈3座地下,$101-200,川菜 (四川),火鍋,223,(253 食評),3384,送 25里數 / 30積分
飲茶 Yum Cha,尖沙咀加連威老道20-22號瑞生尖沙咀酒店3樓,$101-200,粵菜 (廣東),點心,132,(275 食評),25417,送 25里數 / 30積分
火水爐冰室火鍋 Fo Shui Lo,旺角煙廠街33號朗廷軒1樓,$101-200,港式,火鍋,237,(284 食評),6966,訂座送花膠雞煲
八幡屋涮涮鍋 Yahataya Shabu Shabu,旺角彌敦道628號瓊華中心12樓全層,$101-200,日本菜,火鍋,371,(457 食評),16412,訂座優惠 (送生蠔刺身，海膽刺身，燒河豚干，Melona)
La Postre,銅鑼灣銅鑼灣耀華街3-9號百樂中心19樓,$201-400,西班牙菜,甜品/糖水,192,(219 食評),9858,全單9折
正宗水上人氣鍋專門店 Boat Dweller Steam Hot Pot Specialist,旺角砵蘭街196號地下,$201-400,粵菜 (廣東),火鍋,262,(314 食評),11702,送 25里數 / 30積分
圓山台灣料理 Grand Hill Taiwanese Restaurant,尖沙咀金巴利道25號長利商業大廈1及2樓,$201-400,台灣菜,山珍海味,286,(340 食評),6774,送 25里數 / 30積分
尚鮮火鍋海鮮料理 Seansin Seafood Hotpot Experts,銅鑼灣耀華街3號百樂中心8樓,$201-400,港式,火鍋,208,(223 食評),7349,送 25里數 / 30積分
鱈卵屋 Tararan-ya,銅鑼灣軒尼詩道499號永光商業大廈14樓,$201-400,日本菜,壽司/刺身,257,(297 食評),9721,送 25里數 / 30積分
蝦棧 Shrimp Kitchen,太子花園街233-235號偉雄大廈地下A舖,$201-400,台灣菜,海鮮,247,(262 食評),5115,送 25里數 / 30積分
BRICK LANE Gallery,尖沙咀棉登徑17-23號地下,$101-200,英國菜,甜品/糖水,187,(277 食評),15277,送 25里數 / 30積分
Home Sweet Home,太子基隆街13號永基樓地舖,$101-200,西式,海鮮,234,(279 食評),4259,全單65折
勝八居酒屋 Katsuhachi,銅鑼灣登龍街28號永光中心11樓,$201-400,日本菜,壽司/刺身,222,(244 食評),5046,提供網上訂座
Zenon Café,中環威靈頓街86號地舖,$51-100,西式,三文治,221,(284 食評),10736,訂座並惠顧任何食品可享全單7折優惠
平昌 Premium Pyeong Chang Premium,佐敦彌敦道219號莊士倫敦廣場5樓,$101-200,韓國菜,烤肉,189,(249 食評),15239,提供網上訂座
LA Creperie,銅鑼灣駱克道459-461號The L. Square 8樓,$101-200,法國菜,甜品/糖水,141,(202 食評),21692,訂座享晚市套餐餐牌85折優惠
Add Some Thai Restaurant,觀塘開源道62號駱駝漆大廈一座9樓D室,$101-200,泰國菜,包場派對,173,(237 食評),8678,送 25里數 / 30積分
Rang Mahal Authentic Indian Cuisine,中環皇后大道中118號2樓,$101-200,印度菜,印度菜,207,(239 食評),5314,訂座享8折優惠
The Grill Room,尖沙咀堪富利士道6-6A號爵寓2樓,$201-400,西式,扒房,175,(228 食評),11476,晚市六時入座享晚市套餐七折優惠
Give Me 5,觀塘鴻圖道90號5樓,$101-200,日本菜,海鮮,260,(301 食評),6648,送 25里數 / 30積分
大井町日式放題 Ooimachi Japanese Buffet,荃灣眾安街55號大鴻輝(荃灣)中心3樓,$201-400,日本菜,日式放題,235,(337 食評),16631,送 25里數 / 30積分
Dream Cafe,旺角砵蘭街215號朗晴坊5樓全層,$101-200,西式,薄餅,195,(238 食評),3278,送 25里數 / 30積分
Ocio,大圍積存街74-76號地下A舖,$101-200,多國菜,甜品/糖水,210,(287 食評),4435,晚市套餐優惠(9折)
養心殿台式養生鍋,荃灣眾安街55號大鴻輝(荃灣)中心17樓,$201-400,台灣菜,火鍋,163,(208 食評),13110,指定時段五折優惠 (需於晚上七點前離座)
尚鮮火鍋海鮮料理 Seansin Seafood Hotpot Experts,佐敦吳松街62-64 幸福商業大廈1樓,$201-400,港式,火鍋,191,(202 食評),4972,送 25里數 / 30積分
Bistronomique,西環爹核士街1號裕福大廈地下1號舖,$201-400,法國菜,西餐廳,205,(226 食評),9987,送 25里數 / 30積分
La Postre,上環永樂街50號昌盛大廈3樓,$201-400,西班牙菜,甜品/糖水,178,(216 食評),12546,全單9折
焱手工涮涮鍋 Yan Handcraft Hotpot,旺角彌敦道558-560號譽發廣場3樓,$201-400,台灣菜,火鍋,177,(215 食評),10141,[7:30pm前結賬離座]主菜單火鍋配料5折或套餐85折
Aqua,尖沙咀北京道1號29樓,$401-800,日本菜,海鮮,165,(307 食評),27250,送 25里數 / 30積分
大喜屋日本料理 Daikiya Japanese Restaurant,銅鑼灣軒尼詩道502號黃金廣場7樓,$201-400,日本菜,日式放題,216,(257 食評),12218,優惠時段只需$193起，適用於19：30前離座，21：15後入座，該優惠不得與其他優惠共用，加一以原價計算。
Rimi Cafe,旺角登打士街43H號登打士廣場20樓全層,$51-100,西式,樓上cafe,151,(190 食評),6416,任何時段 訂座可享95折優惠
E Molto Buono,銅鑼灣霎西街28號必發商業大廈2樓,$401-800,意大利菜,Fine Dining,195,(204 食評),6410,送 25里數 / 30積分
Siam 28,銅鑼灣軒尼詩道525號澳門逸園中心28樓,$101-200,泰國菜,海鮮,157,(185 食評),9281,"🍺啤酒, 紅白酒及有氣葡萄酒🍷《買一送一》"
稻八日式火鍋炸物放題 Inahachi Shabu Shabu,荃灣德海街18號富利達中心1樓,$101-200,日本菜,火鍋,237,(262 食評),7849,提供網上訂座
巧得鍋 How Awesome,觀塘成業街15-17號成運工業大廈1樓12-14舖,$201-400,港式,火鍋,141,(181 食評),8841,訂座享八五折優惠(需晚上9點後入座)
Sabor Spanish Touch Private Kitchen,上環永樂街1-3號世瑛大廈6樓601室,$201-400,西班牙菜,私房菜,237,(259 食評),8540,送 25里數 / 30積分
浜滝 Hamataki,九龍城福佬村道59號地下A舖,$201-400,日本菜,拉麵,190,(230 食評),5465,送 25里數 / 30積分
Barg,銅鑼灣耀華街3號百樂中心1樓,$201-400,意大利菜,適合大夥人,184,(216 食評),7389,送 25里數 / 30積分
Amici,中環士丹利街11號Stanley 11 8樓,$401-800,意大利菜,Fine Dining,146,(163 食評),7697,送 25里數 / 30積分
Spark Bar & Restaurant,中環蘭桂坊雲咸街29號LKF 29 4樓,$201-400,意大利菜,海鮮,170,(191 食評),8518,送 25里數 / 30積分
S2 鐵板燒 S2 Teppanyaki,佐敦偉晴街29-37號地下6號舖,$401-800,日本菜,鐵板燒,200,(210 食評),3883,送 25里數 / 30積分
Villa Villa,北角錦屏街後街25A號東發大廈地下31號舖,$101-200,西式,薄餅,168,(198 食評),8310,消費滿250元即送藍莓芝士餅一客
Lifetastic,西環石塘咀山道31-37號地下B舖,$101-200,澳洲菜,All Day Breakfast,144,(212 食評),10994,慶祝尖沙咀分店隆重開幕消費單點餐牌享有七折優惠！
Check-In Taipei,中環蘇豪荷李活道27號地舖,$101-200,台灣菜,台式飲品,148,(204 食評),13317,送 25里數 / 30積分
Fifty Fifty,長沙灣東沙島街青山道181號地下C舖,$51-100,意大利菜,All Day Breakfast,185,(217 食評),4186,送 25里數 / 30積分
備長 Bicho,銅鑼灣軒尼詩道525號澳門逸園中心26樓,$201-400,日本菜,串燒,199,(242 食評),6009,送 25里數 / 30積分
極尚大喜屋日本料理 Deluxe Daikiya Japanese Restaurant,銅鑼灣軒尼詩道489號銅鑼灣廣場一期9樓,$201-400,日本菜,日式放題,187,(258 食評),13098,"特選優惠時段(星期一至四:  $200, 星期五至日及公眾假期及前夕: $220)"
FRITES Belgium on Tap,銅鑼灣希雲街38號曦巒地下1號舖,$201-400,比利時菜,西餐廳,161,(177 食評),10773,單點餐牌5折優惠 (適用於11:45 – 4:45pm)
Neighbor,銅鑼灣邊寧頓街5號地鋪,$101-200,意大利菜,扒房,208,(268 食評),12606,訂座即可85折享用所有波士頓龍蝦菜式
泰象館 Thai Chang House,九龍城城南道48號地下,$101-200,泰國菜,海鮮,163,(225 食評),6661,送 25里數 / 30積分
ねずみの王冠 喫茶店 Hamsta Crown Coffee,觀塘巧明街106號冠力工業大廈15樓1501室,$51-100,日本菜,All Day Breakfast,187,(238 食評),5062,送 25里數 / 30積分
Goobne Chicken,中環威靈頓街2-8號威靈頓廣場M88 5樓,$101-200,韓國菜,韓式炸雞,151,(182 食評),8561,提供網上訂座
Three on Canton,尖沙咀廣東道13號海港城港威酒店3樓,$401-800,多國菜,自助餐,132,(233 食評),25467,全單75折
尚上下夏 - 養生雞煲火鍋 JKJ POT,尖沙咀山林道23號地下,$101-200,港式,火鍋,211,(249 食評),11497,送 25里數 / 30積分
醉胡爐 Wulu Restaurant,尖沙咀柯士甸路20號保發商業大廈地舖,$201-400,港式,火鍋,218,(241 食評),5992,訂座及二人同行每位惠顧滿$200或以上免費送火焰龍蝦海鮮火鍋
BriKetenia,觀塘成業街10號電訊一代廣場1樓B1號舖,$201-400,法國菜,法國菜,162,(208 食評),9247,送 25里數 / 30積分
El Cerdo,荃灣大壩街77號地舖,$201-400,西班牙菜,西班牙菜,155,(186 食評),5199,餐廳優惠月: 網上訂座以低至$68享Tapas 套餐
Bella Shine,觀塘巧明街114號迅達工業大廈2樓B室,$101-200,日本菜,拉麵,195,(221 食評),3933,送 25里數 / 30積分
養心殿台式養生鍋,佐敦吳松街182號榮國中心2樓,$201-400,台灣菜,火鍋,170,(193 食評),4995,送 25里數 / 30積分
千賀水產 Ten Million Japanese Restaurant,元朗西裕街達輝徑1號足彬大廈1號地舖,$101-200,日本菜,日式放題,191,(245 食評),10692,全單88折
The Point,銅鑼灣登龍街52號地舖,$101-200,意大利菜,薄餅,170,(246 食評),10333,送 25里數 / 30積分
OM Tapas,尖沙咀棉登徑1號地舖,$201-400,西班牙菜,酒,130,(155 食評),7285,餐廳優惠月: 網上訂座星期日至四晚市時段可以$88享Tapas 套餐
小漁港海鮮舫 鮮蒸‧鮮味火鍋 Seafood Port Restaurant,太子荔枝角道127-133號地下,$201-400,港式,火鍋,159,(204 食評),12246,送 25里數 / 30積分
Amitie Kitchen,尖沙咀亞士厘道27號捷利商業大廈8樓,$101-200,意大利菜,扒房,179,(209 食評),7163,送 25里數 / 30積分
鮨心 Kokoro Sushi,旺角彌敦道703-705號金鑽璽1樓(快富街入口),$201-400,日本菜,壽司/刺身,188,(221 食評),9007,指定時間訂座享85折優惠
阿爺粥品手工涮涮鍋 Grandpa's Porridge Shabu Shabu,荃灣沙咀道328號328廣埸地下5號舖,$201-400,粵菜 (廣東),火鍋,164,(226 食評),7076,送 25里數 / 30積分
火鍋英雄 Hot Pot Hero,銅鑼灣駱克道491-499號京都廣場三樓,$201-400,川菜 (四川),火鍋,152,(169 食評),4377,送 25里數 / 30積分
Manecy's Studio Restaurant,銅鑼灣駱克道447-449號中威商業大廈1樓,$101-200,德國菜,西班牙菜,174,(222 食評),10870,送 25里數 / 30積分
Gioia Charcoal Grill & Oyster Bar,西環堅尼地城吉席街55-57號美新大廈地下A-C舖,$201-400,多國菜,海鮮,172,(195 食評),4556,午市套餐特惠
Brunch Club & Supper,銅鑼灣禮頓道13號1樓,$101-200,英國菜,All Day Breakfast,189,(287 食評),25628,提供網上訂座
緣聚西日餐廳 Together,元朗西裕街5-11號金福閣地庫,$101-200,日本菜,自助餐,215,(273 食評),13554,提供網上訂座
極上帝王水產,旺角西洋菜街1號兆萬中心9樓,$201-400,日本菜,壽司/刺身,283,(358 食評),5297,送 25里數 / 30積分
魔膳廚房 MS KITCHEN,觀塘開源道77號業發大廈一期2樓D室,$101-200,西式,甜品/糖水,276,(314 食評),8574,8折，8折！於午市2點後入座8折優惠(其他優惠不能同時使用)
Ulyssa by Aldou,荔枝角長沙灣道883號億利工業中心2樓203室,$101-200,西式,咖啡店,148,(168 食評),3816,訂座送即開生蠔（歡迎自帶酒水，免收開瓶費）
原の味 Naked,尖沙咀麼地道61號冠華中心地下G1號舖,$201-400,日本菜,壽司/刺身,147,(172 食評),4154,正價85折 主菜餐牌 原之味主餐牌
鳴橋燒肉料理,旺角砵蘭街104號,$101-200,日本菜,壽司/刺身,198,(254 食評),6867,送 25里數 / 30積分
龍麵館 Dragon Noodles Academy,中環德輔道中68號萬宜大廈萬宜廊地下G04號舖,$201-400,粵菜 (廣東),粉麵/米線,115,(184 食評),12818,送 25里數 / 30積分
信州日本料理 Shin Shu Japanese,西環堅尼地城爹核士街1號裕福大厦地下5號舖,$201-400,日本菜,壽司/刺身,171,(189 食評),4237,送 25里數 / 30積分
吞POT 雞煲火鍋.住家菜 Lazy Pot,油麻地彌敦道560號譽發廣場22樓,$101-200,港式,火鍋,135,(147 食評),3715,每晚9:30後所有火鍋配料及小食均有半價優惠
616牛肉火鍋專門店,元朗西菁街9號富盛大廈地下95-100號舖,$101-200,港式,火鍋,145,(169 食評),4342,送 25里數 / 30積分
NINETYs,灣仔皇后大道東222號地下2號舖,$201-400,西式,咖啡店,114,(147 食評),10948,全單7折
Y Show Tasty,尖沙咀厚福街8號H8 12樓,$101-200,西式,西式,133,(150 食評),3292,午市4人同行，1人免費
Mango Tree,尖沙咀柯士甸道西1號圓方(Elements)2樓2032號舖,$201-400,泰國菜,無肉餐單,138,(264 食評),13712,訂座享High Tea Set 85折優惠
滿屋日本料理 Manya Japanese Restaurant,荃灣眾安街55號大鴻輝(荃灣)中心10樓,$201-400,日本菜,日式放題,216,(306 食評),5063,晚市放題 $193
Lily & Bloom,中環蘭桂坊雲咸街33號LKF Tower 5樓及6樓,$401-800,美國菜,蠔吧,159,(215 食評),15174,提供網上訂座
喜來稀肉 Seorae,尖沙咀金巴利道79-81號金栢閣1樓連地下,$101-200,韓國菜,烤肉,116,(191 食評),18218,提供網上訂座
雅高·33 Artco． 33,荃灣沙咀道328號寶石大廈地下21號舖,$51-100,意大利菜,酒,155,(210 食評),3554,送 25里數 / 30積分
Harlan's,尖沙咀彌敦道100號The ONE 19樓,$401-800,多國菜,浪漫情調,151,(265 食評),30266,提供網上訂座
The Food Gallery,尖沙咀北京道8號香港朗廷酒店大堂,$401-800,西式,自助餐,102,(192 食評),26431,自助午餐網上訂座7折優惠
胡爐 Wulu,尖沙咀厚福街8號H8 16樓,$201-400,港式,火鍋,163,(182 食評),5258,訂座及二人同行每位惠顧滿$200或以上免費送「火焰龍蝦海鮮火鍋」
La Postre,尖沙咀厚福街8號H8地下,$201-400,西班牙菜,甜品/糖水,129,(161 食評),6364,全單9折
Gastrobox the Cameron,尖沙咀金馬倫道33號 The Cameron 1樓101號舖,$101-200,意大利菜,海鮮,115,(185 食評),15532,送 25里數 / 30積分
逸之燒 Ichi Grill Shabu Shabu,元朗鳳攸南街9號好順利大廈2座商場地下 57 號舖,$201-400,日本菜,火鍋,120,(136 食評),4565,送 25里數 / 30積分
Aldou Cafe,元朗馬田路38號怡豐花園3號地舖,$101-200,多國菜,甜品/糖水,122,(143 食評),8590,訂座送白酒忌廉藍青口一份
BOM Cuisine,長沙灣青山道441號地舖,$51-100,葡國菜,酒,119,(136 食評),4034,下午七點半前離座八五折優惠
Chez Bistro,銅鑼灣耀華街3號百樂中心21樓,$201-400,西式,西餐廳,165,(175 食評),5099,開業兩周年訂座享全單85折優惠
野玩田店 Something Wild - The Farm,尖沙咀河內道18號K11購物藝術館2樓201號舖,$101-200,西式,薄餅,87,(141 食評),10877,提供網上訂座
Lava Java 咖啡西餐廳 Lava Java Cafe & Restaurant,觀塘開源道71號王子大廈5樓B室,$101-200,西式,漢堡包,159,(202 食評),6084,晚市9折優惠 (加一前消費滿$600)
BRICK LANE,金鐘添美道1號中信大廈4樓404號舖,$101-200,英國菜,甜品/糖水,139,(178 食評),7976,送 25里數 / 30積分
白石燒烤 Whitehead Barbecue,馬鞍山馬鞍山白石第1950號,$101-200,港式,燒烤,148,(175 食評),2663,送 25里數 / 30積分
卡莎338 Casa 338,長沙灣東京街50號地舖,$51-100,西式,酒,134,(171 食評),4208,早場75折優惠
一心素食 O&S,觀塘鴻圖道30號鴻圖樓3樓,$51-100,西式,素食,145,(192 食評),6699,送 25里數 / 30積分
Texas Burger,天后電氣道109號地舖,$51-100,西式,漢堡包,214,(287 食評),9047,送 25里數 / 30積分
Oldish,上環東街53號地舖,$101-200,英國菜,All Day Breakfast,130,(176 食評),13327,送 25里數 / 30積分
洛煮意 Kaylaism,旺角亞皆老街65號新之城地下G20號舖,$51-100,意大利菜,三文治,151,(180 食評),2125,送 25里數 / 30積分
塩玉居酒屋 Shiotama,銅鑼灣登龍街28號永光中心10樓,$201-400,日本菜,壽司/刺身,150,(165 食評),3414,正價8折 主菜餐牌 晚市早鳥優惠
意粉狂熱 Pastaholic,旺角彌敦道639號雅蘭中心2樓208號舖,$101-200,意大利菜,薄餅,118,(157 食評),7163,飲品買一送一優惠(價值$38或以下之飲品)
The Oyster House,灣仔謝斐道154號地下C號舖,$201-400,意大利菜,海鮮,177,(216 食評),12046,新鮮生蠔六折優惠 - 每位客人必須惠顧兩杯以上紅/白/汽酒
小桃咖啡室 Little Tomato Cafe,銅鑼灣波斯富街83號波斯富大廈2樓D室,$101-200,西式,咖啡店,174,(198 食評),3083,送 25里數 / 30積分
Yummy,旺角廣華街48號地下,$201-400,西式,甜品/糖水,119,(136 食評),2367,訂座每位惠顧任何飲品，全單9折優惠。
To-Gather Cafe,旺角洗衣街39-55號金雞廣場19樓15-17室,$101-200,多國菜,藥膳,123,(140 食評),3974,送 25里數 / 30積分
喜來稀肉 Seorae,旺角廣華街3號百利達廣場地庫,$101-200,韓國菜,烤肉,82,(124 食評),13501,訂座享9折優惠
圃公館 Dining House,灣仔皇后大道東387-397號帝盛酒店1樓,$201-400,粵菜 (廣東),火鍋,170,(194 食評),5610,送 25里數 / 30積分
Oggi,天后水星街9號地下B舖,$101-200,意大利菜,西式,126,(138 食評),2547,送 25里數 / 30積分
Uptop Bistro and Bar,尖沙咀漆咸道南117號珀薈酒店19樓,$201-400,西式,沙律,96,(134 食評),10577,網上訂座享晚市指定時段(星期一至四) 75折
Little Break Coffee & Kitchen,荔枝角長義街9號D2 Place一期地下G03舖,$101-200,西式,All Day Breakfast,107,(179 食評),9726,送 25里數 / 30積分
Odelice!,尖沙咀彌敦道100號The ONE4樓L407號舖,$101-200,法國菜,法國菜,114,(153 食評),6096,送 25里數 / 30積分
February,觀塘駿業街56號中海日升中心2樓A號舖,$101-200,德國菜,西餐廳,157,(187 食評),4860,送 25里數 / 30積分
尖沙咀凱悅酒店咖啡廳 Cafe (Hyatt),尖沙咀河內道18號香港尖沙咀凱悅酒店大堂樓層,$401-800,多國菜,自助餐,156,(242 食評),16473,全單7折
泰廳 Thai Ten,元朗青山公路元朗段234-242號福德樓地下5號舖,$51-100,泰國菜,泰國菜,114,(137 食評),2688,泰廳送你蒜蓉焗青口 （5件）
Anchor’s Seafood and Beer House,荃灣油柑頭青山公路汀九段123號汀蘭居地下,$201-400,西式,海鮮,94,(242 食評),28863,提供網上訂座
牛石料理 Gyuseki Japanese Restaurant,九龍城福佬村道51號地下,$201-400,日本菜,海鮮,135,(144 食評),3542,送 25里數 / 30積分
WIRED CAFE,尖沙咀彌敦道 118 -130號美麗華廣場二期低層地下B169 號舖,$101-200,日本菜,甜品/糖水,138,(256 食評),14525,正價8折 單點餐牌
616十二味,銅鑼灣謝斐道391-407號新時代中心地下C號舖,$101-200,港式,火鍋,97,(119 食評),6430,送 25里數 / 30積分
飲茶 Yum Cha,旺角亞皆老街8號朗豪坊4樓7號舖,$101-200,粵菜 (廣東),點心,82,(163 食評),10404,送 25里數 / 30積分
水木日本料理 Mizuki Japanese Restaurant,灣仔譚臣道13-15號萬利中心2樓,$201-400,日本菜,壽司/刺身,129,(143 食評),4665,送 25里數 / 30積分
泰邊爐 Thai Bin Lo,旺角彌敦道628號瓊華中心9樓,$101-200,泰國菜,火鍋,129,(161 食評),5272,送 25里數 / 30積分
為食仔海鮮火鍋專門店 Hungry Boy,旺角白布街4號地舖,$201-400,川菜 (四川),火鍋,114,(190 食評),9505,提供網上訂座
Outdark,尖沙咀厚福街8號H8 17樓,$101-200,韓國菜,韓式炸雞,95,(143 食評),13335,指定時段訂座可享全單9折優惠 或 學生可享85折優惠
Scarlett Cafe & Wine Bar,尖沙咀柯士甸路2號地舖,$201-400,法國菜,法國菜,93,(142 食評),12352,單點食品及飲品5折優惠
616麥子,尖沙咀赫德道4號The Hart 1樓,$101-200,港式,火鍋,157,(180 食評),4684,送 25里數 / 30積分
紅館 Rare Restaurant,中環擺花街9號地舖及地庫,$101-200,意大利菜,法國菜,98,(106 食評),3332,送 25里數 / 30積分
德國餐廳 Das Bier,大埔翠怡街3號翠怡花園C座地下19號舖,$101-200,德國菜,德國菜,114,(136 食評),3879,送 25里數 / 30積分
Pizza Piazza,荔枝角長沙灣道883號億利工業中心地下1A舖,$101-200,意大利菜,薄餅,135,(159 食評),4872,全單9折
金寶泰國菜館 Cambo Thai Restaurant,九龍城衙前塱道25號,$101-200,泰國菜,海鮮,118,(150 食評),2748,送 25里數 / 30積分
La Bo La,灣仔皇后大道東200號利東街地下G02-03號舖,$201-400,越南菜,粉麵/米線,108,(153 食評),5877,餐廳優惠月: 網上訂座以$78享Tapas 套餐
牛精皇 Niu Jing Wong,九龍城福佬村道60號地下,$201-400,港式,火鍋,151,(164 食評),3630,送 25里數 / 30積分
香港郵意 Postcollectionhk Cafe,尖沙咀漆咸道南61-65號首都廣場2樓80-82號舖,$51-100,多國菜,甜品/糖水,157,(237 食評),6644,訂座消費滿$350送Movenpick配心太軟
LA Creperie,灣仔皇后大道東100-102號鉅芝樓1樓,$101-200,法國菜,甜品/糖水,159,(236 食評),16100,提供網上訂座
616七桌子,"紅磡民泰街27-47號黃埔新邨J,K,L座地下B2號舖",$101-200,港式,火鍋,116,(122 食評),1778,全單88折
616牛肉火鍋專門店,大埔翠怡街3號翠怡花園B座地下18號舖,$101-200,港式,火鍋,96,(108 食評),4071,送 25里數 / 30積分
湘聚小廚 Jiang's Hunan chef,西環日富里13號富基大廈地舖,$51-100,湘菜 (湖南),中菜館,137,(157 食評),3735,送 25里數 / 30積分
木槿花韓牛專門店 Mugung Hanwoo Beef Specialist,中環士丹頓街33號地舖,$201-400,韓國菜,韓燒,118,(158 食評),6894,送 25里數 / 30積分
The Optimist,灣仔軒尼詩道239號地下至2樓,$201-400,西班牙菜,酒,47,(71 食評),15642,送 25里數 / 30積分
Mr. Right,元朗西菁街23號富達廣場地下32-39號舖,$101-200,意大利菜,海鮮,119,(157 食評),4647,送 25里數 / 30積分
瀧 Tempura Taki,中環威靈頓街33號The Loop 8樓,$401-800,日本菜,壽司/刺身,110,(122 食評),2539,送 25里數 / 30積分
Jan Jan 串揚專門店 Jan Jan Kushikatsu,灣仔皇后大道東100號2樓,$201-400,日本菜,串燒,80,(101 食評),11185,送 25里數 / 30積分
BRICK LANE,銅鑼灣禮頓道111號利園第六期地下G01號舖,$101-200,英國菜,無肉餐單,86,(113 食評),4318,送 25里數 / 30積分
Stormies,元朗元龍街9號形點一期地下G005號舖,$101-200,美國菜,烤肉,58,(100 食評),11358,送 25里數 / 30積分
翠林辣蟹舫 Greenland Spicy Crab,尖沙咀亞士厘道24-38號天星大廈1樓A號舖,$101-200,粵菜 (廣東),海鮮,114,(130 食評),4558,訂購避風塘炒蟹即送你避風塘鮑魚每人一隻-（每日送完即止）
喜來稀肉 Seorae,銅鑼灣登龍街41-51號金龍大廈地下3號舖及1樓,$101-200,韓國菜,烤肉,67,(92 食評),11170,提供網上訂座
The Americano,荔枝角長沙灣道883號億利工業中心1樓12室,$101-200,西式,咖啡店,135,(196 食評),5342,正價8折 單點餐牌
丼瀛 J-City,佐敦廟街188號地舖,$101-200,日本菜,壽司/刺身,112,(134 食評),4405,全單9折
火鍋撚 Hot Pot Land,中環雲咸街46-48號雲明行3樓,$201-400,港式,火鍋,79,(99 食評),8549,送 25里數 / 30積分
616牛肉火鍋專門店,西環皇后大道西384-386號三多大樓地下A號舖,$101-200,港式,火鍋,89,(101 食評),3431,全單9折
泰道 Thai Dao,西貢大網仔路沙下村9號地舖,$201-400,泰國菜,海鮮,86,(99 食評),4060,送 25里數 / 30積分
明閣 Ming Court,旺角上海街555號香港康得思酒店6樓,$401-800,粵菜 (廣東),燒臘,228,(319 食評),11883,送 25里數 / 30積分
LAB EAT Restaurant & Bar,旺角彌敦道700號T.O.P. This is Our Place 5樓502號舖,$201-400,西式,海鮮,94,(125 食評),7885,訂座享75折優惠
浪人日本料理 Ronin Japanese Cuisine,中環威靈頓街2-8號威靈頓廣場M88 6樓,$201-400,日本菜,壽司/刺身,113,(136 食評),7547,晚市九折優惠
Amina Modern European,尖沙咀廣東道82-84號流尚坊8樓全層,$401-800,意大利菜,Fine Dining,114,(122 食評),2781,"10月特別優惠: 訂座享晚餐85折 8 Course, 9 Course or Wine Pairing Set Menu 及 $198半打生蠔優惠"
小糖鈕 Sweet Button,尖沙咀堪富利士道6-6A號3樓,$51-100,西式,甜品/糖水,93,(107 食評),2243,訂座享88折優惠
養心殿台式養生鍋,荃灣眾安街55號大鴻輝(荃灣)中心17樓,$201-400,台灣菜,火鍋,163,(208 食評),13110,指定時段五折優惠 (需於晚上七點前離座)
焱手工涮涮鍋 Yan Handcraft Hotpot,旺角彌敦道558-560號譽發廣場3樓,$201-400,台灣菜,火鍋,177,(215 食評),10141,[7:30pm前結賬離座]主菜單火鍋配料5折或套餐85折
Dorsett Café,葵涌健全街28號地舖,$101-200,西式,西式,8,(19 食評),610,訂座可享5折優惠
尖沙咀凱悅酒店咖啡廳 Cafe (Hyatt),尖沙咀河內道18號香港尖沙咀凱悅酒店大堂樓層,$401-800,多國菜,自助餐,156,(242 食評),16473,全單7折
Sky726,旺角彌敦道724-726號25樓,$201-400,法國菜,甜品/糖水,369,(496 食評),38563,自選餐牌主菜買一送一優惠 或 甜品8折優惠； 飲品一律8折
Running 燒 Running BBQ,旺角彌敦道726號9樓,$201-400,韓國菜,自助餐,388,(446 食評),22786,7折優惠（21:30後入座）
The Food Gallery,尖沙咀北京道8號香港朗廷酒店大堂,$401-800,西式,自助餐,102,(192 食評),26431,自助午餐網上訂座7折優惠
蠔站 O S Plus,將軍澳唐德街9號將軍澳中心1樓163B舖,$201-400,西式,海鮮,24,(64 食評),3012,正價7折 主菜餐牌 正價貨品
The Place,旺角上海街555號香港康得思酒店L樓層,$401-800,多國菜,海鮮,239,(481 食評),52154,全單75折
Bostonian Seafood & Grill,尖沙咀北京道8號香港朗廷酒店低層大堂,$401-800,多國菜,海鮮,142,(186 食評),10720,正價75折 單點餐牌
尚廚 The Chef's Table,將軍澳唐德街3號香港九龍東皇冠假日酒店1樓,$201-400,多國菜,自助餐,46,(148 食評),15545,星期一至五訂座享自助午及晚餐75折優惠
黃記煌三汁燜鍋,尖沙咀加拿分道16號金輝大廈1樓,$101-200,京菜 (官府菜),火鍋,70,(89 食評),2946,訂座享午市及宵夜時段75折優惠
鷹巢 Eagle's Garden,旺角豉油街2號香港旺角希爾頓花園酒店2樓,$201-400,粵菜 (廣東),點心,40,(53 食評),3039,星期一至四訂座可享75折優惠
大勝丼 Daikatsu Don,旺角彌敦道594-596號旺角新城5樓,$101-200,日本菜,壽司/刺身,48,(60 食評),2450,午市全單75折，全日免加一
LCB express,銅鑼灣駱克道487-489號駱克駅3樓,$101-200,西式,沙律,10,(14 食評),1157,全單75折
EAT ME Bar & Restaurant,旺角彌敦道560號譽發廣場5樓全層,$101-200,多國菜,咖啡店,481,(657 食評),20580,全單5折
Zenon Café,中環威靈頓街86號地舖,$51-100,西式,三文治,221,(284 食評),10736,訂座並惠顧任何食品可享全單7折優惠
Rang Mahal Authentic Indian Cuisine,中環皇后大道中118號2樓,$101-200,印度菜,印度菜,207,(239 食評),5314,訂座享8折優惠
魔膳廚房 MS KITCHEN,觀塘開源道77號業發大廈一期2樓D室,$101-200,西式,甜品/糖水,276,(314 食評),8574,8折，8折！於午市2點後入座8折優惠(其他優惠不能同時使用)
WIRED CAFE,尖沙咀彌敦道 118 -130號美麗華廣場二期低層地下B169 號舖,$101-200,日本菜,甜品/糖水,138,(256 食評),14525,正價8折 單點餐牌
7E咖喱王 Khyber Pass Mess Club,尖沙咀彌敦道36-44號重慶大廈E座7樓E2室,$51-100,印度菜,咖喱,204,(298 食評),4279,正價8折 單點餐牌
心選 Choice Cafe,旺角豉油街21號昌記大廈2樓B號舖,$51-100,西式,All Day Breakfast,70,(86 食評),2244,訂座享8折優惠
蠔站 Oyster Station,大角咀詩歌舞街83號亮賢居地下一號舖,$201-400,西式,海鮮,34,(57 食評),3964,8折 (消費滿HK$500)
星幕 Cielo,將軍澳唐德街3號香港九龍東皇冠假日酒店47樓,$101-200,美國菜,扒房,21,(59 食評),5622,星期一至四訂座及惠顧午餐及晚市自選菜譜可享8折優惠
捌壹壹 811 Sichuan Cuisine,旺角奶路臣街33號地下F號舖,$101-200,川菜 (四川),火鍋,61,(64 食評),623,全單8折
酒廊 The Lounge,赤鱲角香港國際機場航天城東路1號香港天際萬豪酒店大堂,$101-200,西式,酒吧,8,(13 食評),208,訂座享8折優惠
Indian Spices,西環高街72號地下10號舖,$101-200,印度菜,薄餅,5,(7 食評),139,正價8折 單點餐牌
LA Creperie,銅鑼灣駱克道459-461號The L. Square 8樓,$101-200,法國菜,甜品/糖水,141,(202 食評),21692,訂座享晚市套餐餐牌85折優惠
原の味 Naked,尖沙咀麼地道61號冠華中心地下G1號舖,$201-400,日本菜,壽司/刺身,147,(172 食評),4154,正價85折 主菜餐牌 原之味主餐牌
Cafe R&C,銅鑼灣希雲街22-24號地舖,$101-200,西式,咖啡店,99,(190 食評),13261,全單85折
相馬日式火鍋 Soma Shabu Shabu,觀塘成業街10號電訊一代廣場1樓B2號舖,$101-200,日本菜,火鍋,62,(105 食評),7842,相馬日式火鍋-最後召集75折優惠
Namo Avant Thai Restaurant,"尖沙咀麼地道68號帝國中心G2-4,18-22號舖",$201-400,泰國菜,酒吧,74,(104 食評),6664,訂座享全日堂食85折優惠
Insta Crepes,中環蘇豪伊利近街63號地舖,$51-100,法國菜,甜品/糖水,27,(37 食評),3998,正價85折 單點餐牌
霸王川莊 Sichuan House,元朗元龍街9號形點一期2樓2041號舖,$101-200,川菜 (四川),中菜館,29,(59 食評),2213,訂座享75折優惠
Sushi Sora,尖沙咀柯士甸路3號富好中心地舖,$401-800,日本菜,壽司/刺身,40,(44 食評),913,正價8折 單點餐牌
居食屋「和民」 Watami Japanese Casual Restaurant,觀塘觀塘道414號1亞太中心2樓203號舖,$101-200,日本菜,壽司/刺身,21,(70 食評),1939,訂座可享主餐牌85折 (須惠顧主餐牌滿$200)
Are U Labeler,何文田梭椏道25A地舖,$51-100,西式,咖啡店,16,(24 食評),796,早一小時訂座（本咖啡店不設服務費）
Tamarind Pan-Asian Restaurant & Bar,灣仔港灣道30號新鴻基中心2樓,$201-400,越南菜,酒,18,(33 食評),2771,訂座享全日堂食85折優惠
貝爾特酒廊 pentalounge,屯門震寰路6號香港屯門貝爾特酒店1樓,$101-200,港式,酒店餐廳,10,(20 食評),1029,網上訂座可享全日食品85折優惠
Cubus 28,銅鑼灣開平道1號Cubus 28樓,$101-200,粵菜 (廣東),酒吧,,,29,全單85折
千賀水產 Ten Million Japanese Restaurant,元朗西裕街達輝徑1號足彬大廈1號地舖,$101-200,日本菜,日式放題,191,(245 食評),10692,全單88折
LAB EAT Restaurant & Bar,旺角彌敦道700號T.O.P. This is Our Place 5樓502號舖,$201-400,西式,海鮮,94,(125 食評),7885,訂座享75折優惠
BABY K Bora Seafood,尖沙咀河內道18號K11購物藝術館3樓314號舖,$101-200,意大利菜,海鮮,50,(79 食評),3215,訂坐可享全單88折優惠 (只限現金付款)
La Postre,銅鑼灣銅鑼灣耀華街3-9號百樂中心19樓,$201-400,西班牙菜,甜品/糖水,192,(219 食評),9858,全單9折
La Postre,尖沙咀厚福街8號H8地下,$201-400,西班牙菜,甜品/糖水,129,(161 食評),6364,全單9折
Pizza Piazza,荔枝角長沙灣道883號億利工業中心地下1A舖,$101-200,意大利菜,薄餅,135,(159 食評),4872,全單9折
小欖燒烤樂園 BBQ by the Beach,屯門青山公路小欖段DD384 LOT253,$101-200,港式,燒烤,121,(199 食評),1944,星期一至日訂座可享燒烤入場費5折優惠
The Balcony,中環皇后大道中118號3樓,$201-400,日本菜,西式,70,(80 食評),2203,全單85折
Tipsy Restaurant & Bar,大坑銅鑼灣道98號1樓,$201-400,多國菜,酒,43,(48 食評),2660,訂座享食品9折優惠
Plato Cafe & Bistro,佐敦吳松街186-188號地舖,$101-200,西式,甜品/糖水,104,(106 食評),2824,全單9折
Deer Kitchen,觀塘興業街4號The Wave 6樓 01室,$101-200,意大利菜,酒,29,(37 食評),825,全單9折
簡·愛 G·eyre Organic Fusion Bar,灣仔軒尼詩道69號華美樓地下,$101-200,西式,沙律,14,(18 食評),1582,訂座享9折優惠
The Boil Restaurant & Bar,中環雲咸街29號LKF 29 地下和1樓,$201-400,美國菜,海鮮,11,(20 食評),411,全單9折
糖果工房 Sugar Factory Cafe,旺角登打士街36號恆威商業中心13樓,$51-100,日本菜,甜品/糖水,7,(8 食評),325,單點主菜、小食、甜品6折優惠（飲品除外）
Marco's Oyster Bar & Grill,半山羅便臣道30-32號寶時大廈地舖,$201-400,意大利菜,意大利菜,3,(3 食評),124,全單9折
Rimi Cafe,旺角登打士街43H號登打士廣場20樓全層,$51-100,西式,樓上cafe,151,(190 食評),6416,任何時段 訂座可享95折優惠
Plato Cafe & Bistro,油麻地彌敦道483-485號2樓,$101-200,西式,甜品/糖水,409,(506 食評),22898,訂座可贈送小食
孖啡 Double Cafe,旺角彌敦道577號高氏大樓4樓,$51-100,西式,甜品/糖水,295,(386 食評),20621,訂座可享79折優惠
掌壽司 Tenohira Sushi,觀塘開源道60號駱駝漆大廈3座5樓U室,$201-400,日本菜,壽司/刺身,312,(392 食評),11306,全單9折
Pom's Kitchen & Deli,佐敦德興街7號A-B號舖,$101-200,西式,西餐廳,268,(361 食評),18560,專享特別優惠
第三站 Station 3 Cafe,旺角洗衣街39號金雞廣場25樓08-09室,$101-200,意大利菜,咖啡店,270,(380 食評),17018,全單79折
億饍 Multi Taste,旺角彌敦道558-560號譽發廣場4樓,$101-200,粵菜 (廣東),湯品,280,(330 食評),6884,"生日快樂,免費送蛋糕(5人 以上)或白酒一支(9人以上)"
ROJO,天后炮台山木星街3號地下B舖,$201-400,西班牙菜,酒,230,(263 食評),5696,餐廳優惠月: 網上訂座以$88享Tapas 套餐
八幡屋涮涮鍋 Yahataya Shabu Shabu,旺角彌敦道628號瓊華中心12樓全層,$101-200,日本菜,火鍋,371,(457 食評),16412,訂座優惠 (送生蠔刺身，海膽刺身，燒河豚干，Melona)
The Grill Room,尖沙咀堪富利士道6-6A號爵寓2樓,$201-400,西式,扒房,175,(228 食評),11476,晚市六時入座享晚市套餐七折優惠
El Cerdo,荃灣大壩街77號地舖,$201-400,西班牙菜,西班牙菜,155,(186 食評),5199,餐廳優惠月: 網上訂座以低至$68享Tapas 套餐
Gioia Charcoal Grill & Oyster Bar,西環堅尼地城吉席街55-57號美新大廈地下A-C舖,$201-400,多國菜,海鮮,172,(195 食評),4556,午市套餐特惠
金蘭花泰國餐廳 Sawali Club,銅鑼灣怡和街22號3樓,$101-200,泰國菜,泰國菜,130,(147 食評),4292,網上訂座消費滿 $250 可享九折優恵
The Oyster House,灣仔謝斐道154號地下C號舖,$201-400,意大利菜,海鮮,177,(216 食評),12046,新鮮生蠔六折優惠 - 每位客人必須惠顧兩杯以上紅/白/汽酒
泰廳 Thai Ten,元朗青山公路元朗段234-242號福德樓地下5號舖,$51-100,泰國菜,泰國菜,114,(137 食評),2688,泰廳送你蒜蓉焗青口 （5件）
Rosie's Cafe by cafe company,沙田沙田正街18號新城市廣場第三期3樓A305號舖,$101-200,西式,咖啡店,84,(206 食評),8582,全單85折
稻成小館 Dab-pa Peking & Szechuan Bistro,屯門屯隆街3號屯門市廣場一期2樓2162號舖,$101-200,川菜 (四川),中菜館,76,(113 食評),2004,訂座享二人套餐半價優惠 (原價$680減至$340)
品越越式料理 La'taste Vietnamese Cuisine,旺角彌敦道639號雅蘭中心1樓116號舖,$51-100,越南菜,粉麵/米線,118,(200 食評),6441,訂座可享指定二人套餐半價優惠
相馬日式火鍋 Soma Shabu Shabu,荔枝角長義街10號昌隆工業大廈1樓B-C舖,$101-200,日本菜,火鍋,84,(104 食評),2437,最後召集75折優惠
Involtini Italian Cuisine,銅鑼灣駱克道459-461號 The L. Square 11樓,$201-400,意大利菜,西式糕點,55,(64 食評),8661,Italy environment tasting menu discount -$200
The Mafe Cafe,旺角彌敦道577號高氏大樓3樓A-B室,$51-100,西式,甜品/糖水,98,(107 食評),1083,訂座可享95折優惠
焰淑泰國餐廳 Imsook Thai Kitchen,銅鑼灣登龍街18號V Point地下1號舖,$101-200,泰國菜,私房菜,96,(105 食評),1817,訂座送泰式生蝦或甜品拼盤優惠
Hugo Le Resto Grill,銅鑼灣怡和街42-44號華人銀行東區大廈2樓,$201-400,西式,海鮮,64,(77 食評),2038,午市自助沙律吧買一送一
鹽澤 Shiozawa Teppanyaki Restaurant,銅鑼灣耀華街38號Zing! 28-29樓,$401-800,日本菜,鐵板燒,31,(45 食評),2952,2人或以上可享8折優惠
La Cobi Restaurant & Tapas,灣仔麥加力歌街13號地舖,$201-400,西班牙菜,海鮮,40,(51 食評),1635,夏日折扣 (食物消費滿HKD $500可享85折)
Amber’s Table,紅磡黃埔新天地百寶坊(第3期)地下G27號舖,$101-200,西式,Fine Dining,29,(36 食評),2033,"憑劵10月生日的朋友出示身份證前來用餐,可免費獲得指定甜品一客"
浦和日本料理 Urawa Japanese Restaurant,上環德輔道中244-252號東協大廈地下及地庫,$201-400,日本菜,壽司/刺身,63,(125 食評),4769,午市訂座可享88折優惠
橫浜街場,旺角彌敦道726號7樓,$201-400,港式,火鍋,25,(29 食評),713,全時段優惠大放送
金蘭花泰國菜 Sawali Club,灣仔軒尼詩道18-20號永昌大廈2樓,$101-200,泰國菜,泰國菜,60,(94 食評),5060,"OpenRice會員專享優惠 (凡消費滿$250, 即可享全單9折優惠)"
Urban Café,旺角彌敦道566-568A號僑建大廈2樓,$50以下,多國菜,果汁,22,(23 食評),890,全單8折
龍圖閣海鮮飯店 Fresh Seafood Restaurant,尖沙咀漆咸道南17-19號帝后廣場1樓,$101-200,粵菜 (廣東),海鮮,31,(52 食評),2087,本地龍蝦 (大約10 両）或正宗川式香辣蟹 （大約1斤）
KonFusion Restaurant and Bar,上環皇后大道西42-56號賴恩樓地下B號舖,$101-200,意大利菜,薄餅,10,(10 食評),455,惠顧兩客主菜可享免費薄餅或意粉一客
稻成京川滬 Dab-pa Modern Chinese Cuisine,葵芳興芳路223號新都會廣場4樓413-416號舖,$101-200,京川滬,中菜館,7,(20 食評),894,凡惠顧8/10/12人餐 每席即減$200 及 惠顧松子黃花魚 即減$100
Nomads,尖沙咀金巴利道53-59號地下A室,$201-400,蒙古菜,薄餅,27,(53 食評),2471,買三送一優惠
Amplifier Restaurant,大圍積福街72號地下D號舖,$101-200,西式,All Day Breakfast,6,(11 食評),620,餐廳優惠月: 網上訂座以$68享Tapas 套餐
Tivo,中環雲咸街43-45號地下D及E舖,$101-200,意大利菜,酒,13,(20 食評),1437,餐廳優惠月: 網上訂座以$88享Tapas 套餐
The Lounge by The Big Bite,灣仔堅尼地道74號竹林苑5樓,$51-100,西式,多國菜,1,(1 食評),17,餐廳優惠月: 網上訂座以$80享Tapas 套餐
Starry Night,大角咀博文街8號地舖,$101-200,多國菜,多國菜,82,(93 食評),1990,正價9折 主菜餐牌 和飲品
Burgeroom,尖沙咀彌敦道132號美麗華廣場一期2 樓 207 號舖,$51-100,美國菜,漢堡包,437,(511 食評),13842,送 25里數 / 30積分
Doux,旺角彌敦道726號18樓全層,$101-200,多國菜,甜品/糖水,380,(473 食評),17162,正價75折 主菜餐牌 訂座享主主菜75折
Amour Corner,旺角砵蘭街106號地下,$101-200,西式,扒房,375,(474 食評),15523,提供網上訂座
Ocio,旺角煙廠街33號朗廷軒地下B舖,$101-200,多國菜,甜品/糖水,432,(614 食評),18294,送 25里數 / 30積分
Diletto,尖沙咀漆咸道南11-15號余仁生中心1樓,$201-400,意大利菜,扒房,301,(402 食評),20501,送 25里數 / 30積分
Cambo ขุนทอง,尖沙咀彌敦道100號The ONE 4樓L403舖,$101-200,越南菜,泰國菜,383,(622 食評),22984,送 25里數 / 30積分
S2 Kitchen,中環威靈頓街51號地下A舖,$201-400,日本菜,壽司/刺身,444,(536 食評),16120,送 25里數 / 30積分
I's Land Cafe,觀塘開源道62號駱駝漆大廈1座6樓A舖,$101-200,港式,西式糕點,304,(456 食評),21516,送 25里數 / 30積分
Le Viet,尖沙咀彌敦道100號The ONE 4樓L402舖,$101-200,越南菜,串燒,309,(391 食評),9077,送 25里數 / 30積分
慢煮工業 Under Vacuum The Steak,太子太子道西91號地舖,$51-100,西式,三文治,258,(388 食評),21502,送 25里數 / 30積分
Vision 8,荃灣兆和街34號永安樓地舖,$201-400,意大利菜,西式,321,(391 食評),9853,送 25里數 / 30積分
FireBird,銅鑼灣邊寧頓街13號隆堡柏寧頓酒店地下,$101-200,日本菜,串燒,280,(315 食評),8238,訂座可享主餐牌9折
慢煮工業 The Hangout by Under Vacuum,太子白楊街15-19號萬安大樓地下及1樓,$101-200,西式,酒,320,(413 食評),12090,送 25里數 / 30積分
K2 Kitchen,觀塘巧明街106號冠力工業大廈13樓6室,$101-200,多國菜,海鮮,262,(312 食評),8300,提供網上訂座
悠蔬食 Leisurely Veggie,銅鑼灣渣甸街50號渣甸中心25樓,$101-200,多國菜,素食,238,(300 食評),15347,送 25里數 / 30積分
麻辣派對 Chili Party,銅鑼灣記利佐治街1號金百利廣場4樓R1號舖,$101-200,川菜 (四川),中菜館,240,(291 食評),9031,送 25里數 / 30積分
Lo Spazio,銅鑼灣恩平道42號亨利中心7樓,$201-400,意大利菜,海鮮,251,(281 食評),9184,送 25里數 / 30積分
i kitchen,觀塘巧明街106號冠力工業大廈201室,$101-200,多國菜,多國菜,251,(296 食評),10497,提供網上訂座
Mini Friday,觀塘興業街4號The Wave 3樓,$101-200,西式,西式糕點,231,(316 食評),10874,訂座可享有主餐牌88折
九重鮮 Steam Fresh,紅磡黃埔新天地聚寶坊(第11期)地下G26號,$101-200,韓國菜,火鍋,285,(333 食評),11040,提供網上訂座
雅 ‧悠蔬食 Leisurely Veggie,尖沙咀金馬倫道48號中國保險大廈3樓B號舖,$101-200,多國菜,素食,202,(257 食評),10748,送 25里數 / 30積分
AGE Cuisine Express,鰂魚涌英皇道1065號東達中心1104B室,$101-200,多國菜,薄餅,250,(290 食評),4747,送 25里數 / 30積分
榮哥廚房私房菜,觀塘觀塘道436-484號官塘工業中心3期4樓L室,$201-400,粵菜 (廣東),中菜館,203,(224 食評),7422,送 25里數 / 30積分
正宗水上人氣鍋專門店 Boat Dweller Steam Hot Pot Specialist,旺角砵蘭街196號地下,$201-400,粵菜 (廣東),火鍋,262,(314 食評),11702,送 25里數 / 30積分
圓山台灣料理 Grand Hill Taiwanese Restaurant,尖沙咀金巴利道25號長利商業大廈1及2樓,$201-400,台灣菜,山珍海味,286,(340 食評),6774,送 25里數 / 30積分
蝦棧 Shrimp Kitchen,太子花園街233-235號偉雄大廈地下A舖,$201-400,台灣菜,海鮮,247,(262 食評),5115,送 25里數 / 30積分
BRICK LANE Gallery,尖沙咀棉登徑17-23號地下,$101-200,英國菜,甜品/糖水,187,(277 食評),15277,送 25里數 / 30積分
Home Sweet Home,太子基隆街13號永基樓地舖,$101-200,西式,海鮮,234,(279 食評),4259,全單65折
勝八居酒屋 Katsuhachi,銅鑼灣登龍街28號永光中心11樓,$201-400,日本菜,壽司/刺身,222,(244 食評),5046,提供網上訂座
Add Some Thai Restaurant,觀塘開源道62號駱駝漆大廈一座9樓D室,$101-200,泰國菜,包場派對,173,(237 食評),8678,送 25里數 / 30積分
Give Me 5,觀塘鴻圖道90號5樓,$101-200,日本菜,海鮮,260,(301 食評),6648,送 25里數 / 30積分
大井町日式放題 Ooimachi Japanese Buffet,荃灣眾安街55號大鴻輝(荃灣)中心3樓,$201-400,日本菜,日式放題,235,(337 食評),16631,送 25里數 / 30積分
Ocio,大圍積存街74-76號地下A舖,$101-200,多國菜,甜品/糖水,210,(287 食評),4435,晚市套餐優惠(9折)
La Postre,上環永樂街50號昌盛大廈3樓,$201-400,西班牙菜,甜品/糖水,178,(216 食評),12546,全單9折
Siam 28,銅鑼灣軒尼詩道525號澳門逸園中心28樓,$101-200,泰國菜,海鮮,157,(185 食評),9281,"🍺啤酒, 紅白酒及有氣葡萄酒🍷《買一送一》"
巧得鍋 How Awesome,觀塘成業街15-17號成運工業大廈1樓12-14舖,$201-400,港式,火鍋,141,(181 食評),8841,訂座享八五折優惠(需晚上9點後入座)
Barg,銅鑼灣耀華街3號百樂中心1樓,$201-400,意大利菜,適合大夥人,184,(216 食評),7389,送 25里數 / 30積分
Amici,中環士丹利街11號Stanley 11 8樓,$401-800,意大利菜,Fine Dining,146,(163 食評),7697,送 25里數 / 30積分
Spark Bar & Restaurant,中環蘭桂坊雲咸街29號LKF 29 4樓,$201-400,意大利菜,海鮮,170,(191 食評),8518,送 25里數 / 30積分
飲茶 Yum Cha,中環德輔道中173號南豐大廈2樓1-2號舖,$101-200,粵菜 (廣東),點心,104,(186 食評),16723,送 25里數 / 30積分
Lifetastic,西環石塘咀山道31-37號地下B舖,$101-200,澳洲菜,All Day Breakfast,144,(212 食評),10994,慶祝尖沙咀分店隆重開幕消費單點餐牌享有七折優惠！
Check-In Taipei,中環蘇豪荷李活道27號地舖,$101-200,台灣菜,台式飲品,148,(204 食評),13317,送 25里數 / 30積分
備長 Bicho,銅鑼灣軒尼詩道525號澳門逸園中心26樓,$201-400,日本菜,串燒,199,(242 食評),6009,送 25里數 / 30積分
Goobne Chicken,中環威靈頓街2-8號威靈頓廣場M88 5樓,$101-200,韓國菜,韓式炸雞,151,(182 食評),8561,提供網上訂座
金樂軒雞煲魚鍋,北角和富道114號康華大廈地下C3號舖,$101-200,川菜 (四川),火鍋,152,(162 食評),2311,全單9折
Bella Shine,觀塘巧明街114號迅達工業大廈2樓B室,$101-200,日本菜,拉麵,195,(221 食評),3933,送 25里數 / 30積分
OM Tapas,尖沙咀棉登徑1號地舖,$201-400,西班牙菜,酒,130,(155 食評),7285,餐廳優惠月: 網上訂座星期日至四晚市時段可以$88享Tapas 套餐
火鍋英雄 Hot Pot Hero,銅鑼灣駱克道491-499號京都廣場三樓,$201-400,川菜 (四川),火鍋,152,(169 食評),4377,送 25里數 / 30積分
Manecy's Studio Restaurant,銅鑼灣駱克道447-449號中威商業大廈1樓,$101-200,德國菜,西班牙菜,174,(222 食評),10870,送 25里數 / 30積分
Brunch Club & Supper,銅鑼灣禮頓道13號1樓,$101-200,英國菜,All Day Breakfast,189,(287 食評),25628,提供網上訂座
緣聚西日餐廳 Together,元朗西裕街5-11號金福閣地庫,$101-200,日本菜,自助餐,215,(273 食評),13554,提供網上訂座
Ulyssa by Aldou,荔枝角長沙灣道883號億利工業中心2樓203室,$101-200,西式,咖啡店,148,(168 食評),3816,訂座送即開生蠔（歡迎自帶酒水，免收開瓶費）
鳴橋燒肉料理,旺角砵蘭街104號,$101-200,日本菜,壽司/刺身,198,(254 食評),6867,送 25里數 / 30積分
龍麵館 Dragon Noodles Academy,中環德輔道中68號萬宜大廈萬宜廊地下G04號舖,$201-400,粵菜 (廣東),粉麵/米線,115,(184 食評),12818,送 25里數 / 30積分
信州日本料理 Shin Shu Japanese,西環堅尼地城爹核士街1號裕福大厦地下5號舖,$201-400,日本菜,壽司/刺身,171,(189 食評),4237,送 25里數 / 30積分
正宗水上人蒸氣鍋專門店 Boat Dweller Steam Hot Pot Specialist,尖沙咀加拿分道49號地下,$201-400,粵菜 (廣東),火鍋,194,(227 食評),7615,送 25里數 / 30積分
滿屋日本料理 Manya Japanese Restaurant,荃灣眾安街55號大鴻輝(荃灣)中心10樓,$201-400,日本菜,日式放題,216,(306 食評),5063,晚市放題 $193
Lily & Bloom,中環蘭桂坊雲咸街33號LKF Tower 5樓及6樓,$401-800,美國菜,蠔吧,159,(215 食評),15174,提供網上訂座
Harlan's,尖沙咀彌敦道100號The ONE 19樓,$401-800,多國菜,浪漫情調,151,(265 食評),30266,提供網上訂座
Gastrobox the Cameron,尖沙咀金馬倫道33號 The Cameron 1樓101號舖,$101-200,意大利菜,海鮮,115,(185 食評),15532,送 25里數 / 30積分
BOM Cuisine,長沙灣青山道441號地舖,$51-100,葡國菜,酒,119,(136 食評),4034,下午七點半前離座八五折優惠
野玩田店 Something Wild - The Farm,尖沙咀河內道18號K11購物藝術館2樓201號舖,$101-200,西式,薄餅,87,(141 食評),10877,提供網上訂座
Lava Java 咖啡西餐廳 Lava Java Cafe & Restaurant,觀塘開源道71號王子大廈5樓B室,$101-200,西式,漢堡包,159,(202 食評),6084,晚市9折優惠 (加一前消費滿$600)
BRICK LANE,金鐘添美道1號中信大廈4樓404號舖,$101-200,英國菜,甜品/糖水,139,(178 食評),7976,送 25里數 / 30積分
Oldish,上環東街53號地舖,$101-200,英國菜,All Day Breakfast,130,(176 食評),13327,送 25里數 / 30積分
塩玉居酒屋 Shiotama,銅鑼灣登龍街28號永光中心10樓,$201-400,日本菜,壽司/刺身,150,(165 食評),3414,正價8折 主菜餐牌 晚市早鳥優惠
Yummy,旺角廣華街48號地下,$201-400,西式,甜品/糖水,119,(136 食評),2367,訂座每位惠顧任何飲品，全單9折優惠。
壹玖捌叁 Hong Kong Cuisine,跑馬地載德街2-4號1樓,$201-400,粵菜 (廣東),山珍海味,146,(159 食評),5318,提供網上訂座
Anchor’s Seafood and Beer House,荃灣油柑頭青山公路汀九段123號汀蘭居地下,$201-400,西式,海鮮,94,(242 食評),28863,提供網上訂座
飲茶 Yum Cha,旺角亞皆老街8號朗豪坊4樓7號舖,$101-200,粵菜 (廣東),點心,82,(163 食評),10404,送 25里數 / 30積分
水木日本料理 Mizuki Japanese Restaurant,灣仔譚臣道13-15號萬利中心2樓,$201-400,日本菜,壽司/刺身,129,(143 食評),4665,送 25里數 / 30積分
616麥子,尖沙咀赫德道4號The Hart 1樓,$101-200,港式,火鍋,157,(180 食評),4684,送 25里數 / 30積分
紅館 Rare Restaurant,中環擺花街9號地舖及地庫,$101-200,意大利菜,法國菜,98,(106 食評),3332,送 25里數 / 30積分
金寶泰國菜館 Cambo Thai Restaurant,九龍城衙前塱道25號,$101-200,泰國菜,海鮮,118,(150 食評),2748,送 25里數 / 30積分
香港郵意 Postcollectionhk Cafe,尖沙咀漆咸道南61-65號首都廣場2樓80-82號舖,$51-100,多國菜,甜品/糖水,157,(237 食評),6644,訂座消費滿$350送Movenpick配心太軟
木槿花韓牛專門店 Mugung Hanwoo Beef Specialist,中環士丹頓街33號地舖,$201-400,韓國菜,韓燒,118,(158 食評),6894,送 25里數 / 30積分
The Optimist,灣仔軒尼詩道239號地下至2樓,$201-400,西班牙菜,酒,47,(71 食評),15642,送 25里數 / 30積分
BRICK LANE,銅鑼灣禮頓道111號利園第六期地下G01號舖,$101-200,英國菜,無肉餐單,86,(113 食評),4318,送 25里數 / 30積分
喜來稀肉 Seorae,銅鑼灣登龍街41-51號金龍大廈地下3號舖及1樓,$101-200,韓國菜,烤肉,67,(92 食評),11170,提供網上訂座
The Americano,荔枝角長沙灣道883號億利工業中心1樓12室,$101-200,西式,咖啡店,135,(196 食評),5342,正價8折 單點餐牌
Café Crêpe,中環威靈頓街15B號地舖,$51-100,法國菜,All Day Breakfast,94,(115 食評),3074,送 25里數 / 30積分
Amina Modern European,尖沙咀廣東道82-84號流尚坊8樓全層,$401-800,意大利菜,Fine Dining,114,(122 食評),2781,"10月特別優惠: 訂座享晚餐85折 8 Course, 9 Course or Wine Pairing Set Menu 及 $198半打生蠔優惠"
丼瀛 J-City,觀塘巧明街109號榮昌工業大廈5樓A室,$101-200,日本菜,壽司/刺身,107,(157 食評),4405,送 25里數 / 30積分
Layback Cafe & Bar,尖沙咀加連威老道41號C-D嘉威大厦4樓B室,$101-200,多國菜,漢堡包,92,(110 食評),3818,送 25里數 / 30積分
Mirror & Vegan Concept,中環皇后大道中118號9樓,$101-200,意大利菜,素食,82,(94 食評),3291,送 25里數 / 30積分
Westwood Carvery,中環蘭桂坊和安里2號地舖,$201-400,美國菜,酒,90,(111 食評),7559,送 25里數 / 30積分
李好味 Lee Lo Mei,中環擺花街8號地下及1樓,$201-400,港式,中菜館,39,(73 食評),12574,送 25里數 / 30積分
Springfields,中環擺花街11號地鋪,$51-100,法國菜,甜品/糖水,86,(100 食評),4098,送 25里數 / 30積分
Porterhouse,中環蘭桂坊德己立街30-32號加州大廈7樓,$201-400,澳洲菜,扒房,57,(89 食評),11887,送 25里數 / 30積分
北京老家 Beijing Home,灣仔皇后大道東183號合和中心7樓704及8樓802號舖,$101-200,京菜 (官府菜),湯品,97,(111 食評),2853,提供網上訂座
湘蜀人家 Xiangshu Restaurant,灣仔莊士敦道181號大有廣場2樓218號舖,$101-200,川菜 (四川),中菜館,72,(97 食評),6105,送 25里數 / 30積分
Moreish & Malt,紅磡蕪湖街83號逸‧酒店1樓,$101-200,美國菜,漢堡包,91,(107 食評),2207,送 25里數 / 30積分
好日咖啡店 GoodDay Cafe,銅鑼灣希雲街12號地舖,$51-100,港式,三文治,77,(92 食評),5492,訂座享指定時段8折
La Parole,上環文咸東街22-26號柏廷坊3樓,$201-400,法國菜,社企餐廳,153,(192 食評),9022,送 25里數 / 30積分
Oyster Cove,尖沙咀嘉蘭圍3號地下5-6舖,$101-200,西式,海鮮,82,(89 食評),3686,送 25里數 / 30積分
壹壹漁一 One One Fish One,大角咀大角咀道88號旺角帝盛酒店2樓,$101-200,多國菜,火鍋,89,(99 食評),2654,送 25里數 / 30積分
Kudos,銅鑼灣禮頓道8號香港銅鑼灣皇冠假日酒店1樓,$401-800,西式,自助餐,94,(182 食評),17310,送 25里數 / 30積分
八鍋堂．中日火鍋專門店 Hachi Nabe,旺角西洋菜街1號兆萬中心3樓301號舖,$201-400,港式,火鍋,125,(142 食評),1652,提供網上訂座
天外天 Above & Beyond,尖沙咀科學館道17號唯港薈28樓,$401-800,粵菜 (廣東),點心,90,(165 食評),7468,提供網上訂座
MoMo Café,沙田安平街1號香港沙田萬怡酒店,$401-800,多國菜,自助餐,74,(154 食評),11034,送 25里數 / 30積分
Verde MAR,灣仔大王東街24號地下,$201-400,西式,海鮮,122,(162 食評),7359,送 25里數 / 30積分
Chelsea Garden & Restaurant,佐敦柯士甸道7號UQ Place 4樓,$201-400,西班牙菜,地中海菜,72,(79 食評),3059,送 25里數 / 30積分
麥田廚房 Wheatfield Kitchen,銅鑼灣邊寧頓街13-15號2樓,$51-100,俄國菜,樓上cafe,108,(125 食評),4679,送 25里數 / 30積分
朝花夕拾 ZhaoHuaXiShi,尖沙咀河內道18號K11購物藝術館2樓201B號舖,$101-200,日本菜,All Day Breakfast,39,(88 食評),8106,送 25里數 / 30積分
象泰 Jaunty Restaurant,屯門屯門鄉事會路112-140號雅都花園1樓商場118-127號舖,$51-100,泰國菜,泰國菜,70,(107 食評),1644,送 25里數 / 30積分
FUMI,中環德己立街30-32號加州大廈6樓,$401-800,日本菜,壽司/刺身,93,(103 食評),5650,送 25里數 / 30積分
鮨見 Sushi mi,尖沙咀亞士厘道18號2樓,$201-400,日本菜,壽司/刺身,67,(75 食評),1492,送 25里數 / 30積分
My Day,尖沙咀彌敦道132號美麗華廣場一期食四方6樓601號舖,$201-400,西式,自助餐,91,(123 食評),3117,送 25里數 / 30積分
Beerliner German Bar & Restaurant,大角咀海泓道1號奧海城三期地下G18號舖,$201-400,德國菜,適合大夥人,104,(172 食評),8500,主菜買一送一優惠
御品·千之味 Oi-Shi-Sushi,深水埗荔枝角道390號C號地舖,$51-100,日本菜,壽司/刺身,117,(149 食評),1967,送 25里數 / 30積分
圃鍋 The Pot House,灣仔軒尼詩道314-324號 W Square 4樓,$201-400,日本菜,火鍋,88,(102 食評),2768,送 25里數 / 30積分
Little Mario’s Pizzeria,觀塘開源道60號駱駝漆大廈3座4樓U01室,$101-200,意大利菜,薄餅,62,(73 食評),1307,送 25里數 / 30積分
"The Italian Club - Wine Bar, Steak House & Pizza Gourmet",中環蘇豪伊利近街1-5號地舖,$201-400,意大利菜,酒,83,(94 食評),1942,送 25里數 / 30積分
灣景廳 Harbour Restaurant,灣仔港灣道4號灣景國際1樓,$201-400,西式,自助餐,93,(171 食評),14583,送 25里數 / 30積分
Emporio Antico,灣仔軒尼詩道239號18樓,$201-400,多國菜,Fine Dining,64,(73 食評),1540,提供網上訂座
功德林上海素食 Kung Tak Lam Shanghai Vegetarian Cuisine,銅鑼灣告士打道280號世貿中心10樓,$101-200,滬菜 (上海),素食,139,(193 食評),3562,送 25里數 / 30積分
牛気 Nabe Urawa,銅鑼灣軒尼詩道500號希慎廣場14樓L1404-1405號舖,$101-200,日本菜,火鍋,54,(71 食評),5939,送 25里數 / 30積分
新記雞粥 Sun Kee Chicken Congee,筲箕灣筲箕灣道307號地下及1樓,$51-100,港式,粥品,66,(91 食評),1459,送 25里數 / 30積分
Maison ES,灣仔星街1A號地舖 (入口位於電氣街),$401-800,法國菜,法國菜,58,(94 食評),6715,提供網上訂座
京.花朝 Fat Duck Den Chinese Cuisine,銅鑼灣耀華街3號百樂中心9樓,$101-200,京菜 (官府菜),中菜館,42,(64 食評),4457,送 25里數 / 30積分
石牆道韓國餐廳 Dol Dam Gil Korean Restaurant,尖沙咀金巴利道27-33號永利大廈地下20及22號舖,$201-400,韓國菜,烤肉,84,(145 食評),5408,送 25里數 / 30積分
Pinot Duck,赤柱佳美道23號赤柱廣場地下G07號舖,$101-200,多國菜,酒,80,(101 食評),2619,送 25里數 / 30積分
鳳雛燉雞 Bongchu Jjimdak,旺角彌敦道726號10樓,$101-200,韓國菜,韓國菜,56,(93 食評),3866,送 25里數 / 30積分
Fang Fang,中環蘭桂坊雲咸街33號LKF Tower 8樓,$401-800,多國菜,酒吧,60,(72 食評),2228,送 25里數 / 30積分
Aberdeen Street,中環蘇豪鴨巴甸街41-49號金豪大廈地下1號舖,$201-400,法國菜,酒,69,(79 食評),3594,送 25里數 / 30積分
來佬餐館 Loyal Dining,灣仔杜老誌道5號地下至1樓,$101-200,港式,無肉餐單,25,(38 食評),4628,來佬推介扒類套餐85折優惠
三川居酒屋 Sansen Japanese Bar and Restaurant,銅鑼灣軒尼詩道499號永光商業大廈地庫,$101-200,日本菜,壽司/刺身,142,(156 食評),2022,送 25里數 / 30積分
韓讚 Zzang,銅鑼灣渣甸街66號Aura on Pennington 2樓,$101-200,韓國菜,火鍋,45,(64 食評),2827,"下午茶時段主餐牌 ""半價"""
施心畢老撾餐廳 Sisombath Restaurant,中環威靈頓街98號翡翠中心4樓,$51-100,越南菜,泰國菜,87,(102 食評),2546,送 25里數 / 30積分
滿樂潮州 Moon Lok Chiu Chow,東涌達東路20號東薈城名店倉地下22號舖,$101-200,潮州菜,中菜館,48,(63 食評),1081,送 25里數 / 30積分
Amazing,油麻地九龍窩打老道23號城景國際大堂,$101-200,泰國菜,咪嘥嘢食店,41,(63 食評),5667,2位或以上預訂Amazing 桃芒蜜語·下午茶自助餐，可享9折優惠
Villa Villa,大角咀埃華街88-102號大全樓地下B及D號舖,$101-200,西式,薄餅,61,(69 食評),1299,十月份優惠
Mr. Korea BBQ,尖沙咀柯士甸道140-142號瑞信集團大廈一樓,$201-400,韓國菜,烤肉,57,(81 食評),7525,全單8折
城市匯 Urban Park,尖沙咀加連威老道20-22號瑞生尖沙咀酒店4樓,$201-400,西式,扒房,44,(83 食評),7926,星期日至星期四下午六時後下午六時後 之訂座可享8折優惠
Kampoeng,銅鑼灣糖街1-5號銅鑼灣商業大廈地庫,$51-100,印尼菜,湯品,45,(53 食評),727,送 25里數 / 30積分
松屋 Matsuya Dessert & Restaurant,西環西營盤第三街142-150號仁信大廈地下F號舖,$50以下,日本菜,甜品/糖水,40,(44 食評),1536,送 25里數 / 30積分
叄嵐日本燒鳥串燒居酒屋 Arashi-Sann Japanese Restaurant and Bar,灣仔安樂里地下D舖,$101-200,日本菜,串燒,49,(60 食評),1398,訂座消費送清酒(消費滿$350)
丼吉日本吉列專門店餐廳 Tonkichi Tonkatsu Seafood,尖沙咀彌敦道100號The ONE 4樓L401舖,$201-400,日本菜,同客食飯,84,(116 食評),4281,送 25里數 / 30積分
Bistro Du Vin,西環堅尼地城爹核士街1號地下D號舖,$201-400,法國菜,法國菜,64,(97 食評),8207,送 25里數 / 30積分
Anjappar Chettinad Indian Restaurant,尖沙咀寶勒巷3-7A號萬事昌廣場2樓202號舖,$101-200,多國菜,多國菜,71,(76 食評),256,送 25里數 / 30積分
養心殿台式養生鍋,荃灣眾安街55號大鴻輝(荃灣)中心17樓,$201-400,台灣菜,火鍋,163,(208 食評),13110,指定時段五折優惠 (需於晚上七點前離座)
焱手工涮涮鍋 Yan Handcraft Hotpot,旺角彌敦道558-560號譽發廣場3樓,$201-400,台灣菜,火鍋,177,(215 食評),10141,[7:30pm前結賬離座]主菜單火鍋配料5折或套餐85折
Scarlett Cafe & Wine Bar,尖沙咀柯士甸路2號地舖,$201-400,法國菜,法國菜,93,(142 食評),12352,單點食品及飲品5折優惠
韓讚 Zzang,銅鑼灣渣甸街66號Aura on Pennington 2樓,$101-200,韓國菜,火鍋,45,(64 食評),2827,"下午茶時段主餐牌 ""半價"""
Dorsett Café,葵涌健全街28號地舖,$101-200,西式,西式,8,(19 食評),610,訂座可享5折優惠
DK Bar & Restaurant,尖沙咀金巴利道40號MW Plaza 2樓,$51-100,多國菜,酒吧,41,(43 食評),415,正價6折 單點餐牌
糖果工房 Sugar Factory Cafe,旺角登打士街36號恆威商業中心13樓,$51-100,日本菜,甜品/糖水,7,(8 食評),325,單點主菜、小食、甜品6折優惠（飲品除外）
Gastrobox by Okapi Cafe,西貢萬年街67號,$101-200,意大利菜,西式,38,(66 食評),2391,主餐牌單點食品六五折優惠
Sky726,旺角彌敦道724-726號25樓,$201-400,法國菜,甜品/糖水,369,(496 食評),38563,自選餐牌主菜買一送一優惠 或 甜品8折優惠； 飲品一律8折
Lifetastic,西環石塘咀山道31-37號地下B舖,$101-200,澳洲菜,All Day Breakfast,144,(212 食評),10994,慶祝尖沙咀分店隆重開幕消費單點餐牌享有七折優惠！
NINETYs,灣仔皇后大道東222號地下2號舖,$201-400,西式,咖啡店,114,(147 食評),10948,全單7折
The Oyster House,灣仔謝斐道154號地下C號舖,$201-400,意大利菜,海鮮,177,(216 食評),12046,新鮮生蠔六折優惠 - 每位客人必須惠顧兩杯以上紅/白/汽酒
蠔站 OS Plus,荃灣楊屋道1號荃新天地一期上層地下UG41號舖,$201-400,西式,海鮮,27,(66 食評),3536,正價7折 主菜餐牌  消費滿$500
享慢煮意 Fast Gourmet,中環善慶街9號地舖,$51-100,多國菜,All Day Breakfast,28,(36 食評),2153,正價7折 單點餐牌
蠔站 Oyster Station,中環蘭桂芳15-16號協興大廈6樓,$201-400,西式,海鮮,10,(17 食評),2167,網上訂座享下午指定時段七折優惠
Three on Canton,尖沙咀廣東道13號海港城港威酒店3樓,$401-800,多國菜,自助餐,132,(233 食評),25467,全單75折
FRITES Belgium on Tap,中環威靈頓街198號The Wellington 1樓,$201-400,比利時菜,比利時菜,101,(132 食評),8567,訂座75折優惠 (適用於2:30 – 4:45pm)
黃記煌三汁燜鍋,尖沙咀加拿分道16號金輝大廈1樓,$101-200,京菜 (官府菜),火鍋,70,(89 食評),2946,訂座享午市及宵夜時段75折優惠
鷹巢 Eagle's Garden,旺角豉油街2號香港旺角希爾頓花園酒店2樓,$201-400,粵菜 (廣東),點心,40,(53 食評),3039,星期一至四訂座可享75折優惠
大勝丼 Daikatsu Don,旺角彌敦道594-596號旺角新城5樓,$101-200,日本菜,壽司/刺身,48,(60 食評),2450,午市全單75折，全日免加一
LCB express,銅鑼灣駱克道487-489號駱克駅3樓,$101-200,西式,沙律,10,(14 食評),1157,全單75折
LAB EAT Restaurant & Bar,尖沙咀金巴利道87-89號僑豐大厦地下1-2號舖,$201-400,西式,海鮮,436,(565 食評),50744,網上訂座可享75折優惠
Zenon Café,中環威靈頓街86號地舖,$51-100,西式,三文治,221,(284 食評),10736,訂座並惠顧任何食品可享全單7折優惠
Rang Mahal Authentic Indian Cuisine,中環皇后大道中118號2樓,$101-200,印度菜,印度菜,207,(239 食評),5314,訂座享8折優惠
魔膳廚房 MS KITCHEN,觀塘開源道77號業發大廈一期2樓D室,$101-200,西式,甜品/糖水,276,(314 食評),8574,8折，8折！於午市2點後入座8折優惠(其他優惠不能同時使用)
WIRED CAFE,尖沙咀彌敦道 118 -130號美麗華廣場二期低層地下B169 號舖,$101-200,日本菜,甜品/糖水,138,(256 食評),14525,正價8折 單點餐牌
7E咖喱王 Khyber Pass Mess Club,尖沙咀彌敦道36-44號重慶大廈E座7樓E2室,$51-100,印度菜,咖喱,204,(298 食評),4279,正價8折 單點餐牌
心選 Choice Cafe,旺角豉油街21號昌記大廈2樓B號舖,$51-100,西式,All Day Breakfast,70,(86 食評),2244,訂座享8折優惠
捌壹壹 811 Sichuan Cuisine,旺角奶路臣街33號地下F號舖,$101-200,川菜 (四川),火鍋,61,(64 食評),623,全單8折
嚐味 Gusto Restaurant,荃灣青山公路荃灣段398號愉景新城2樓L2-2030號舖,$51-100,港式,粉麵/米線,8,(42 食評),281,訂座可享主餐牌8折優惠
酒廊 The Lounge,赤鱲角香港國際機場航天城東路1號香港天際萬豪酒店大堂,$101-200,西式,酒吧,8,(13 食評),208,訂座享8折優惠
好日咖啡店 GoodDay Cafe,銅鑼灣希雲街12號地舖,$51-100,港式,三文治,77,(92 食評),5492,訂座享指定時段8折
LA Creperie,銅鑼灣駱克道459-461號The L. Square 8樓,$101-200,法國菜,甜品/糖水,141,(202 食評),21692,訂座享晚市套餐餐牌85折優惠
原の味 Naked,尖沙咀麼地道61號冠華中心地下G1號舖,$201-400,日本菜,壽司/刺身,147,(172 食評),4154,正價85折 主菜餐牌 原之味主餐牌
Uptop Bistro and Bar,尖沙咀漆咸道南117號珀薈酒店19樓,$201-400,西式,沙律,96,(134 食評),10577,網上訂座享晚市指定時段(星期一至四) 75折
相馬日式火鍋 Soma Shabu Shabu,觀塘成業街10號電訊一代廣場1樓B2號舖,$101-200,日本菜,火鍋,62,(105 食評),7842,相馬日式火鍋-最後召集75折優惠
居食屋「和民」 Watami Japanese Casual Restaurant,銅鑼灣告士打道311號皇室堡4樓401號舖,$101-200,日本菜,壽司/刺身,78,(118 食評),2662,訂座可享主餐牌85折 (須惠顧主餐牌滿$300)
饗和民 KYO Watami,太古康山道1-2號康怡廣場北座地下G7-G8號舖,$101-200,日本菜,壽司/刺身,35,(60 食評),1278,訂座可享主餐牌85折 (須惠顧主餐牌滿$300或以上)
Insta Crepes,中環蘇豪伊利近街63號地舖,$51-100,法國菜,甜品/糖水,27,(37 食評),3998,正價85折 單點餐牌
霸王川莊 Sichuan House,元朗元龍街9號形點一期2樓2041號舖,$101-200,川菜 (四川),中菜館,29,(59 食評),2213,訂座享75折優惠
居食屋「和民」 Watami Japanese Casual Restaurant,觀塘觀塘道414號1亞太中心2樓203號舖,$101-200,日本菜,壽司/刺身,21,(70 食評),1939,訂座可享主餐牌85折 (須惠顧主餐牌滿$200)
Are U Labeler,何文田梭椏道25A地舖,$51-100,西式,咖啡店,16,(24 食評),796,早一小時訂座（本咖啡店不設服務費）
貝爾特酒廊 pentalounge,屯門震寰路6號香港屯門貝爾特酒店1樓,$101-200,港式,酒店餐廳,10,(20 食評),1029,網上訂座可享全日食品85折優惠
Pokka Cafe,屯門屯隆街3號屯門市廣場一期上層地下UG005舖,$101-200,日本菜,咖啡店,36,(76 食評),571,全單85折
Monkey Cafe,灣仔皇后大道東373號英皇駿景酒店地下,$101-200,西式,酒店餐廳,4,(9 食評),207,「花漾 · 下午茶」85折優惠
Cubus 28,銅鑼灣開平道1號Cubus 28樓,$101-200,粵菜 (廣東),酒吧,,,29,全單85折
LAB EAT Restaurant & Bar,旺角彌敦道700號T.O.P. This is Our Place 5樓502號舖,$201-400,西式,海鮮,94,(125 食評),7885,訂座享75折優惠
小糖鈕 Sweet Button,尖沙咀堪富利士道6-6A號3樓,$51-100,西式,甜品/糖水,93,(107 食評),2243,訂座享88折優惠
BABY K Bora Seafood,尖沙咀河內道18號K11購物藝術館3樓314號舖,$101-200,意大利菜,海鮮,50,(79 食評),3215,訂坐可享全單88折優惠 (只限現金付款)
吃吧 Chiba,旺角彌敦道566-568號僑建大廈2樓2室,$101-200,西式,酒吧,235,(276 食評),11223,全單8折
La Postre,銅鑼灣銅鑼灣耀華街3-9號百樂中心19樓,$201-400,西班牙菜,甜品/糖水,192,(219 食評),9858,全單9折
La Postre,尖沙咀厚福街8號H8地下,$201-400,西班牙菜,甜品/糖水,129,(161 食評),6364,全單9折
Pizza Piazza,荔枝角長沙灣道883號億利工業中心地下1A舖,$101-200,意大利菜,薄餅,135,(159 食評),4872,全單9折
丼瀛 J-City,佐敦廟街188號地舖,$101-200,日本菜,壽司/刺身,112,(134 食評),4405,全單9折
GOCHISO,沙田沙田正街18號新城市廣場一期1樓112號舖,$101-200,意大利菜,薄餅,97,(161 食評),6077,訂座可享主餐牌9折
小欖燒烤樂園 BBQ by the Beach,屯門青山公路小欖段DD384 LOT253,$101-200,港式,燒烤,121,(199 食評),1944,星期一至日訂座可享燒烤入場費5折優惠
Tipsy Restaurant & Bar,大坑銅鑼灣道98號1樓,$201-400,多國菜,酒,43,(48 食評),2660,訂座享食品9折優惠
Plato Cafe & Bistro,佐敦吳松街186-188號地舖,$101-200,西式,甜品/糖水,104,(106 食評),2824,全單9折
簡·愛 G·eyre Organic Fusion Bar,灣仔軒尼詩道69號華美樓地下,$101-200,西式,沙律,14,(18 食評),1582,訂座享9折優惠
皇后泰國廚房 Queen's Kitchen,尖沙咀廣東道116-120號海威商業中心16樓,$201-400,泰國菜,私房菜,10,(16 食評),854,9折優惠
UME i’beriko,北角宏安道18號地下9號舖,$101-200,多國菜,多國菜,9,(11 食評),171,訂座可享晚市主餐牌85折
Rimi Cafe,旺角登打士街43H號登打士廣場20樓全層,$51-100,西式,樓上cafe,151,(190 食評),6416,任何時段 訂座可享95折優惠
Plato Cafe & Bistro,油麻地彌敦道483-485號2樓,$101-200,西式,甜品/糖水,409,(506 食評),22898,訂座可贈送小食
孖啡 Double Cafe,旺角彌敦道577號高氏大樓4樓,$51-100,西式,甜品/糖水,295,(386 食評),20622,訂座可享79折優惠
EAT ME Bar & Restaurant,旺角彌敦道560號譽發廣場5樓全層,$101-200,多國菜,咖啡店,481,(657 食評),20580,全單5折
Pom's Kitchen & Deli,佐敦德興街7號A-B號舖,$101-200,西式,西餐廳,268,(361 食評),18560,專享特別優惠
第三站 Station 3 Cafe,旺角洗衣街39號金雞廣場25樓08-09室,$101-200,意大利菜,咖啡店,270,(380 食評),17018,全單79折
FireBird,銅鑼灣邊寧頓街13號隆堡柏寧頓酒店地下,$101-200,日本菜,串燒,280,(315 食評),8238,訂座可享主餐牌9折
億饍 Multi Taste,旺角彌敦道558-560號譽發廣場4樓,$101-200,粵菜 (廣東),湯品,280,(330 食評),6884,"生日快樂,免費送蛋糕(5人 以上)或白酒一支(9人以上)"
ROJO,天后炮台山木星街3號地下B舖,$201-400,西班牙菜,酒,230,(263 食評),5696,餐廳優惠月: 網上訂座以$88享Tapas 套餐
Villa Villa,北角錦屏街後街25A號東發大廈地下31號舖,$101-200,西式,薄餅,168,(198 食評),8310,消費滿250元即送藍莓芝士餅一客
El Cerdo,荃灣大壩街77號地舖,$201-400,西班牙菜,西班牙菜,155,(186 食評),5199,餐廳優惠月: 網上訂座以低至$68享Tapas 套餐
Mango Tree,尖沙咀柯士甸道西1號圓方(Elements)2樓2032號舖,$201-400,泰國菜,無肉餐單,138,(264 食評),13713,訂座享High Tea Set 85折優惠
金蘭花泰國餐廳 Sawali Club,銅鑼灣怡和街22號3樓,$101-200,泰國菜,泰國菜,130,(147 食評),4292,網上訂座消費滿 $250 可享九折優恵
泰廳 Thai Ten,元朗青山公路元朗段234-242號福德樓地下5號舖,$51-100,泰國菜,泰國菜,114,(137 食評),2688,泰廳送你蒜蓉焗青口 （5件）
翠林辣蟹舫 Greenland Spicy Crab,尖沙咀亞士厘道24-38號天星大廈1樓A號舖,$101-200,粵菜 (廣東),海鮮,114,(130 食評),4558,訂購避風塘炒蟹即送你避風塘鮑魚每人一隻-（每日送完即止）
Rosie's Cafe by cafe company,沙田沙田正街18號新城市廣場第三期3樓A305號舖,$101-200,西式,咖啡店,84,(206 食評),8582,全單85折
稻成小館 Dab-pa Peking & Szechuan Bistro,屯門屯隆街3號屯門市廣場一期2樓2162號舖,$101-200,川菜 (四川),中菜館,76,(113 食評),2004,訂座享二人套餐半價優惠 (原價$680減至$340)
品越越式料理 La'taste Vietnamese Cuisine,旺角彌敦道639號雅蘭中心1樓116號舖,$51-100,越南菜,粉麵/米線,118,(200 食評),6441,訂座可享指定二人套餐半價優惠
相馬日式火鍋 Soma Shabu Shabu,荔枝角長義街10號昌隆工業大廈1樓B-C舖,$101-200,日本菜,火鍋,84,(104 食評),2438,最後召集75折優惠
Involtini Italian Cuisine,銅鑼灣駱克道459-461號 The L. Square 11樓,$201-400,意大利菜,西式糕點,55,(64 食評),8661,Italy environment tasting menu discount -$200
The Mafe Cafe,旺角彌敦道577號高氏大樓3樓A-B室,$51-100,西式,甜品/糖水,98,(107 食評),1083,訂座可享95折優惠
焰淑泰國餐廳 Imsook Thai Kitchen,銅鑼灣登龍街18號V Point地下1號舖,$101-200,泰國菜,私房菜,96,(105 食評),1817,訂座送泰式生蝦或甜品拼盤優惠
Hugo Le Resto Grill,銅鑼灣怡和街42-44號華人銀行東區大廈2樓,$201-400,西式,海鮮,64,(77 食評),2038,午市自助沙律吧買一送一
鹽澤 Shiozawa Teppanyaki Restaurant,銅鑼灣耀華街38號Zing! 28-29樓,$401-800,日本菜,鐵板燒,31,(45 食評),2952,2人或以上可享8折優惠
La Cobi Restaurant & Tapas,灣仔麥加力歌街13號地舖,$201-400,西班牙菜,海鮮,40,(51 食評),1635,夏日折扣 (食物消費滿HKD $500可享85折)
Amber’s Table,紅磡黃埔新天地百寶坊(第3期)地下G27號舖,$101-200,西式,Fine Dining,29,(36 食評),2033,"憑劵10月生日的朋友出示身份證前來用餐,可免費獲得指定甜品一客"
浦和日本料理 Urawa Japanese Restaurant,上環德輔道中244-252號東協大廈地下及地庫,$201-400,日本菜,壽司/刺身,63,(125 食評),4769,午市訂座可享88折優惠
橫浜街場,旺角彌敦道726號7樓,$201-400,港式,火鍋,25,(29 食評),713,全時段優惠大放送
Taylor Shellfish Farms,西環西營盤高街80-86號麗賢閣地下C及D舖,$201-400,多國菜,海鮮,28,(43 食評),5113,訂座享生蠔88折優惠
金蘭花泰國菜 Sawali Club,灣仔軒尼詩道18-20號永昌大廈2樓,$101-200,泰國菜,泰國菜,60,(94 食評),5060,"OpenRice會員專享優惠 (凡消費滿$250, 即可享全單9折優惠)"
Taylor Shellfish Farms,大坑新村街42-43號地舖,$201-400,多國菜,海鮮,20,(30 食評),5888,訂座享生蠔88折優惠
OZU Bar,中環荷李活道1號地下,$101-200,日本菜,酒,15,(19 食評),1762,Ozu japanese lunch set (8折)
The Big Bite Flame-Grill,西環加倫臺8-16號地舖,$51-100,美國菜,烤肉,19,(26 食評),2103,餐廳優惠月: 網上訂座以$80享Tapas 套餐
居食屋「和民」 Watami Japanese Casual Restaurant,"太子彌敦道750號始創中心地庫B01A,B10-12及B14號舖",$101-200,日本菜,壽司/刺身,77,(214 食評),1450,訂座可享$50現金優惠券 (須惠顧主餐牌滿$300)
Urban Café,旺角彌敦道566-568A號僑建大廈2樓,$50以下,多國菜,果汁,22,(23 食評),890,全單8折
龍圖閣海鮮飯店 Fresh Seafood Restaurant,尖沙咀漆咸道南17-19號帝后廣場1樓,$101-200,粵菜 (廣東),海鮮,31,(52 食評),2087,本地龍蝦 (大約10 両）或正宗川式香辣蟹 （大約1斤）
居食屋「和民」 Watami Japanese Casual Restaurant,荔枝角深盛路9號宇晴軒宇晴匯商場2樓6號舖,$101-200,日本菜,壽司/刺身,8,(18 食評),151,訂座可享$50現金優惠券 (須惠顧主餐牌滿$300)
稻成京川滬 Dab-pa Modern Chinese Cuisine,葵芳興芳路223號新都會廣場4樓413-416號舖,$101-200,京川滬,中菜館,7,(20 食評),894,凡惠顧8/10/12人餐 每席即減$200 及 惠顧松子黃花魚 即減$100
Amplifier Restaurant,大圍積福街72號地下D號舖,$101-200,西式,All Day Breakfast,6,(11 食評),620,餐廳優惠月: 網上訂座以$68享Tapas 套餐
居食屋「和民」 Watami Japanese Casual Restaurant,"沙田第一城第一城中心1樓133,134A及136C號舖",$101-200,日本菜,拉麵,8,(24 食評),276,訂座可享$50現金優惠券 (須惠顧主餐牌滿$300)
NO.13 Modern Japanese Cuisine & Bar,大坑施弼街12-13號地下B舖,$201-400,日本菜,壽司/刺身,9,(11 食評),281,餐廳優惠月: 網上訂座以$68享Tapas 套餐
Tivo,中環雲咸街43-45號地下D及E舖,$101-200,意大利菜,酒,13,(20 食評),1437,餐廳優惠月: 網上訂座以$88享Tapas 套餐
Cafe Queen,上環皇后大道中237號太興中心地下A舖,$101-200,意大利菜,麵包店,6,(10 食評),226,餐廳優惠月: 網上訂座指定時段以$88享Tapas 套餐
花園土耳其餐廳 Bahce Turkish Restaurant,大嶼山銀運路3號梅窩中心地下19號舖,$201-400,土耳其菜,土耳其菜,6,(9 食評),174,餐廳優惠月: 網上訂座以$88享Tapas 套餐
The Lounge by The Big Bite,灣仔堅尼地道74號竹林苑5樓,$51-100,西式,多國菜,1,(1 食評),17,餐廳優惠月: 網上訂座以$80享Tapas 套餐
Starry Night,大角咀博文街8號地舖,$101-200,多國菜,多國菜,82,(93 食評),1990,正價9折 主菜餐牌 和飲品
Burgeroom,尖沙咀彌敦道132號美麗華廣場一期2 樓 207 號舖,$51-100,美國菜,漢堡包,437,(511 食評),13842,送 25里數 / 30積分
樂園 Happyland,尖沙咀北京道65-69號環球商業大廈2樓205-06室,$101-200,西式,樓上cafe,574,(637 食評),10097,送 25里數 / 30積分
Doux,旺角彌敦道726號18樓全層,$101-200,多國菜,甜品/糖水,380,(473 食評),17162,正價75折 主菜餐牌 訂座享主主菜75折
一起果醬 Let's Jam,尖沙咀松山道15-17號地下D舖,$101-200,西式,甜品/糖水,407,(475 食評),12469,送 25里數 / 30積分
Amour Corner,旺角砵蘭街106號地下,$101-200,西式,扒房,375,(474 食評),15523,提供網上訂座
Dodam Chicken,銅鑼灣波斯富街99號利舞臺廣場18樓A號舖,$101-200,韓國菜,韓式炸雞,407,(470 食評),12100,送 25里數 / 30積分
Diletto,尖沙咀漆咸道南11-15號余仁生中心1樓,$201-400,意大利菜,扒房,301,(402 食評),20501,送 25里數 / 30積分
Mr. Crab by The Captain's House,灣仔莊士敦道74-78號一樓及地下C號舖,$101-200,西式,海鮮,362,(404 食評),11864,送 25里數 / 30積分
Cambo ขุนทอง,尖沙咀彌敦道100號The ONE 4樓L403舖,$101-200,越南菜,泰國菜,383,(622 食評),22984,送 25里數 / 30積分
S2 Kitchen,中環威靈頓街51號地下A舖,$201-400,日本菜,壽司/刺身,444,(536 食評),16120,送 25里數 / 30積分
I's Land Cafe,觀塘開源道62號駱駝漆大廈1座6樓A舖,$101-200,港式,西式糕點,304,(456 食評),21516,送 25里數 / 30積分
Le Viet,尖沙咀彌敦道100號The ONE 4樓L402舖,$101-200,越南菜,串燒,309,(391 食評),9077,送 25里數 / 30積分
慢煮工業 Under Vacuum The Steak,太子太子道西91號地舖,$51-100,西式,三文治,258,(388 食評),21502,送 25里數 / 30積分
Vision 8,荃灣兆和街34號永安樓地舖,$201-400,意大利菜,西式,321,(391 食評),9853,送 25里數 / 30積分
慢煮工業 The Hangout by Under Vacuum,太子白楊街15-19號萬安大樓地下及1樓,$101-200,西式,酒,320,(413 食評),12091,送 25里數 / 30積分
K2 Kitchen,觀塘巧明街106號冠力工業大廈13樓6室,$101-200,多國菜,海鮮,262,(312 食評),8300,提供網上訂座
悠蔬食 Leisurely Veggie,銅鑼灣渣甸街50號渣甸中心25樓,$101-200,多國菜,素食,238,(300 食評),15347,送 25里數 / 30積分
麻辣派對 Chili Party,銅鑼灣記利佐治街1號金百利廣場4樓R1號舖,$101-200,川菜 (四川),中菜館,240,(291 食評),9031,送 25里數 / 30積分
凡高廚房 Van Gogh Kitchen,銅鑼灣軒尼詩道451-457號勝華樓2樓B室,$201-400,意大利菜,西餐廳,396,(452 食評),8917,送 25里數 / 30積分
Mini Friday,觀塘興業街4號The Wave 3樓,$101-200,西式,西式糕點,231,(316 食評),10874,訂座可享有主餐牌88折
泰聚 Thai Gather Restaurant & Bar,太子花園街239號嘉慶苑地下,$101-200,泰國菜,咖喱,233,(259 食評),5434,15% Off
雅 ‧悠蔬食 Leisurely Veggie,尖沙咀金馬倫道48號中國保險大廈3樓B號舖,$101-200,多國菜,素食,202,(257 食評),10748,送 25里數 / 30積分
Mela Italian & Spanish Cuisine,觀塘巧明街94號鴻圖中心地下5D號舖,$201-400,意大利菜,西班牙菜,221,(237 食評),4108,送 25里數 / 30積分
飲茶 Yum Cha,尖沙咀加連威老道20-22號瑞生尖沙咀酒店3樓,$101-200,粵菜 (廣東),點心,132,(275 食評),25417,送 25里數 / 30積分
正宗水上人氣鍋專門店 Boat Dweller Steam Hot Pot Specialist,旺角砵蘭街196號地下,$201-400,粵菜 (廣東),火鍋,262,(314 食評),11702,送 25里數 / 30積分
圓山台灣料理 Grand Hill Taiwanese Restaurant,尖沙咀金巴利道25號長利商業大廈1及2樓,$201-400,台灣菜,山珍海味,286,(340 食評),6774,送 25里數 / 30積分
蝦棧 Shrimp Kitchen,太子花園街233-235號偉雄大廈地下A舖,$201-400,台灣菜,海鮮,247,(262 食評),5115,送 25里數 / 30積分
BRICK LANE Gallery,尖沙咀棉登徑17-23號地下,$101-200,英國菜,甜品/糖水,187,(277 食評),15277,送 25里數 / 30積分
Home Sweet Home,太子基隆街13號永基樓地舖,$101-200,西式,海鮮,234,(279 食評),4259,全單65折
勝八居酒屋 Katsuhachi,銅鑼灣登龍街28號永光中心11樓,$201-400,日本菜,壽司/刺身,222,(244 食評),5046,提供網上訂座
平昌 Premium Pyeong Chang Premium,佐敦彌敦道219號莊士倫敦廣場5樓,$101-200,韓國菜,烤肉,189,(249 食評),15239,提供網上訂座
Add Some Thai Restaurant,觀塘開源道62號駱駝漆大廈一座9樓D室,$101-200,泰國菜,包場派對,173,(237 食評),8678,送 25里數 / 30積分
Give Me 5,觀塘鴻圖道90號5樓,$101-200,日本菜,海鮮,260,(301 食評),6648,送 25里數 / 30積分
La Postre,上環永樂街50號昌盛大廈3樓,$201-400,西班牙菜,甜品/糖水,178,(216 食評),12546,全單9折
Spark Bar & Restaurant,中環蘭桂坊雲咸街29號LKF 29 4樓,$201-400,意大利菜,海鮮,170,(191 食評),8518,送 25里數 / 30積分
Check-In Taipei,中環蘇豪荷李活道27號地舖,$101-200,台灣菜,台式飲品,148,(204 食評),13317,送 25里數 / 30積分
Fifty Fifty,長沙灣東沙島街青山道181號地下C舖,$51-100,意大利菜,All Day Breakfast,185,(217 食評),4186,送 25里數 / 30積分
Neighbor,銅鑼灣邊寧頓街5號地鋪,$101-200,意大利菜,扒房,208,(268 食評),12606,訂座即可85折享用所有波士頓龍蝦菜式
ねずみの王冠 喫茶店 Hamsta Crown Coffee,觀塘巧明街106號冠力工業大廈15樓1501室,$51-100,日本菜,All Day Breakfast,187,(238 食評),5062,送 25里數 / 30積分
Goobne Chicken,中環威靈頓街2-8號威靈頓廣場M88 5樓,$101-200,韓國菜,韓式炸雞,151,(182 食評),8561,提供網上訂座
Bella Shine,觀塘巧明街114號迅達工業大廈2樓B室,$101-200,日本菜,拉麵,195,(221 食評),3933,送 25里數 / 30積分
養心殿台式養生鍋,佐敦吳松街182號榮國中心2樓,$201-400,台灣菜,火鍋,170,(193 食評),4995,送 25里數 / 30積分
OM Tapas,尖沙咀棉登徑1號地舖,$201-400,西班牙菜,酒,130,(155 食評),7285,餐廳優惠月: 網上訂座星期日至四晚市時段可以$88享Tapas 套餐
Amitie Kitchen,尖沙咀亞士厘道27號捷利商業大廈8樓,$101-200,意大利菜,扒房,179,(209 食評),7163,送 25里數 / 30積分
火鍋英雄 Hot Pot Hero,銅鑼灣駱克道491-499號京都廣場三樓,$201-400,川菜 (四川),火鍋,152,(169 食評),4377,送 25里數 / 30積分
Manecy's Studio Restaurant,銅鑼灣駱克道447-449號中威商業大廈1樓,$101-200,德國菜,西班牙菜,174,(222 食評),10870,送 25里數 / 30積分
Brunch Club & Supper,銅鑼灣禮頓道13號1樓,$101-200,英國菜,All Day Breakfast,189,(287 食評),25628,提供網上訂座
Ulyssa by Aldou,荔枝角長沙灣道883號億利工業中心2樓203室,$101-200,西式,咖啡店,148,(168 食評),3816,訂座送即開生蠔（歡迎自帶酒水，免收開瓶費）
龍麵館 Dragon Noodles Academy,中環德輔道中68號萬宜大廈萬宜廊地下G04號舖,$201-400,粵菜 (廣東),粉麵/米線,115,(184 食評),12818,送 25里數 / 30積分
信州日本料理 Shin Shu Japanese,西環堅尼地城爹核士街1號裕福大厦地下5號舖,$201-400,日本菜,壽司/刺身,171,(189 食評),4237,送 25里數 / 30積分
正宗水上人蒸氣鍋專門店 Boat Dweller Steam Hot Pot Specialist,尖沙咀加拿分道49號地下,$201-400,粵菜 (廣東),火鍋,194,(227 食評),7615,送 25里數 / 30積分
Gastrobox the Cameron,尖沙咀金馬倫道33號 The Cameron 1樓101號舖,$101-200,意大利菜,海鮮,115,(185 食評),15532,送 25里數 / 30積分
Aldou Cafe,元朗馬田路38號怡豐花園3號地舖,$101-200,多國菜,甜品/糖水,122,(143 食評),8590,訂座送白酒忌廉藍青口一份
BOM Cuisine,長沙灣青山道441號地舖,$51-100,葡國菜,酒,119,(136 食評),4034,下午七點半前離座八五折優惠
Chez Bistro,銅鑼灣耀華街3號百樂中心21樓,$201-400,西式,西餐廳,165,(175 食評),5099,開業兩周年訂座享全單85折優惠
野玩田店 Something Wild - The Farm,尖沙咀河內道18號K11購物藝術館2樓201號舖,$101-200,西式,薄餅,87,(141 食評),10877,提供網上訂座
Lava Java 咖啡西餐廳 Lava Java Cafe & Restaurant,觀塘開源道71號王子大廈5樓B室,$101-200,西式,漢堡包,159,(202 食評),6084,晚市9折優惠 (加一前消費滿$600)
BRICK LANE,金鐘添美道1號中信大廈4樓404號舖,$101-200,英國菜,甜品/糖水,139,(178 食評),7976,送 25里數 / 30積分
白石燒烤 Whitehead Barbecue,馬鞍山馬鞍山白石第1950號,$101-200,港式,燒烤,148,(175 食評),2663,送 25里數 / 30積分
Texas Burger,天后電氣道109號地舖,$51-100,西式,漢堡包,214,(287 食評),9047,送 25里數 / 30積分
Oldish,上環東街53號地舖,$101-200,英國菜,All Day Breakfast,130,(176 食評),13327,送 25里數 / 30積分
Yummy,旺角廣華街48號地下,$201-400,西式,甜品/糖水,119,(136 食評),2367,訂座每位惠顧任何飲品，全單9折優惠。
壹玖捌叁 Hong Kong Cuisine,跑馬地載德街2-4號1樓,$201-400,粵菜 (廣東),山珍海味,146,(159 食評),5318,提供網上訂座
Odelice!,尖沙咀彌敦道100號The ONE4樓L407號舖,$101-200,法國菜,法國菜,114,(153 食評),6096,送 25里數 / 30積分
Anchor’s Seafood and Beer House,荃灣油柑頭青山公路汀九段123號汀蘭居地下,$201-400,西式,海鮮,94,(242 食評),28863,提供網上訂座
飲茶 Yum Cha,旺角亞皆老街8號朗豪坊4樓7號舖,$101-200,粵菜 (廣東),點心,82,(163 食評),10404,送 25里數 / 30積分
616麥子,尖沙咀赫德道4號The Hart 1樓,$101-200,港式,火鍋,157,(180 食評),4684,送 25里數 / 30積分
紅館 Rare Restaurant,中環擺花街9號地舖及地庫,$101-200,意大利菜,法國菜,98,(106 食評),3332,送 25里數 / 30積分
金寶泰國菜館 Cambo Thai Restaurant,九龍城衙前塱道25號,$101-200,泰國菜,海鮮,118,(150 食評),2748,送 25里數 / 30積分
香港郵意 Postcollectionhk Cafe,尖沙咀漆咸道南61-65號首都廣場2樓80-82號舖,$51-100,多國菜,甜品/糖水,157,(237 食評),6644,訂座消費滿$350送Movenpick配心太軟
616七桌子,"紅磡民泰街27-47號黃埔新邨J,K,L座地下B2號舖",$101-200,港式,火鍋,116,(122 食評),1778,全單88折
木槿花韓牛專門店 Mugung Hanwoo Beef Specialist,中環士丹頓街33號地舖,$201-400,韓國菜,韓燒,118,(158 食評),6894,送 25里數 / 30積分
BRICK LANE,銅鑼灣禮頓道111號利園第六期地下G01號舖,$101-200,英國菜,無肉餐單,86,(113 食評),4318,送 25里數 / 30積分
Stormies,元朗元龍街9號形點一期地下G005號舖,$101-200,美國菜,烤肉,58,(100 食評),11358,送 25里數 / 30積分
The Americano,荔枝角長沙灣道883號億利工業中心1樓12室,$101-200,西式,咖啡店,135,(196 食評),5342,正價8折 單點餐牌
Amina Modern European,尖沙咀廣東道82-84號流尚坊8樓全層,$401-800,意大利菜,Fine Dining,114,(122 食評),2781,"10月特別優惠: 訂座享晚餐85折 8 Course, 9 Course or Wine Pairing Set Menu 及 $198半打生蠔優惠"
薯仔屋 Small Potato,銅鑼灣新會道4號4樓,$101-200,西式,咖啡店,152,(175 食評),2633,送 25里數 / 30積分
Flâneur,佐敦官涌街3-5號煒亨大廈地舖,$101-200,多國菜,多國菜,95,(104 食評),4137,送 25里數 / 30積分
丼瀛 J-City,觀塘巧明街109號榮昌工業大廈5樓A室,$101-200,日本菜,壽司/刺身,107,(157 食評),4405,送 25里數 / 30積分
吱吱朕 Chi Chi Cham,中環蘇豪卑利街53號地舖,$101-200,日本菜,酒吧,36,(78 食評),13941,送 25里數 / 30積分
Layback Cafe & Bar,尖沙咀加連威老道41號C-D嘉威大厦4樓B室,$101-200,多國菜,漢堡包,92,(110 食評),3818,送 25里數 / 30積分
HOW,觀塘觀塘巧明街99號巧明工廠大廈3樓AB座,$101-200,西式,漢堡包,55,(108 食評),9259,送 25里數 / 30積分
Lex Coffee,西環堅尼地城卑路乍街100號地舖,$101-200,西式,咖啡店,98,(139 食評),7845,送 25里數 / 30積分
Westwood Carvery,中環蘭桂坊和安里2號地舖,$201-400,美國菜,酒,90,(111 食評),7559,送 25里數 / 30積分
Springfields,中環擺花街11號地鋪,$51-100,法國菜,甜品/糖水,86,(100 食評),4098,送 25里數 / 30積分
Porterhouse,中環蘭桂坊德己立街30-32號加州大廈7樓,$201-400,澳洲菜,扒房,57,(89 食評),11887,送 25里數 / 30積分
潮食街 eatstreet@pentalounge,新蒲崗六合街19號香港九龍貝爾特酒店1樓,$201-400,多國菜,自助餐,63,(120 食評),24573,送 25里數 / 30積分
北京老家 Beijing Home,灣仔皇后大道東183號合和中心7樓704及8樓802號舖,$101-200,京菜 (官府菜),湯品,97,(111 食評),2853,提供網上訂座
高木炭火鳥燒 Takagi Yakitori,尖沙咀棉登徑13-15號地下,$201-400,日本菜,串燒,90,(100 食評),3337,送 25里數 / 30積分
Moreish & Malt,紅磡蕪湖街83號逸‧酒店1樓,$101-200,美國菜,漢堡包,91,(107 食評),2207,送 25里數 / 30積分
Main St. Deli,尖沙咀北京道8號香港朗廷酒店低層大堂,$201-400,美國菜,漢堡包,166,(234 食評),9927,送 25里數 / 30積分
Cafe R&C,銅鑼灣希雲街22-24號地舖,$101-200,西式,咖啡店,99,(190 食評),13261,全單85折
意粉狂熱 Pastaholic,銅鑼灣告士打道311號皇室堡2樓203-204號舖,$101-200,意大利菜,薄餅,89,(116 食評),2189,飲品買一送一優惠(價值$38或以下之飲品)
Woody,銅鑼灣希雲街6-8號地下,$101-200,西式,咖啡店,78,(94 食評),1457,訂座享7折優惠
Oyster Cove,尖沙咀嘉蘭圍3號地下5-6舖,$101-200,西式,海鮮,82,(89 食評),3686,送 25里數 / 30積分
壹壹漁一 One One Fish One,大角咀大角咀道88號旺角帝盛酒店2樓,$101-200,多國菜,火鍋,89,(99 食評),2654,送 25里數 / 30積分
FRITES Belgium on Tap,鰂魚涌太古坊英皇道979號濠豐大廈地下,$201-400,比利時菜,比利時菜,76,(113 食評),4476,$100 和牛漢堡瘋狂祭 (逢星期三)
蠔站 OS Oyster Station,尖沙咀諾士佛臺1號7樓,$201-400,西式,海鮮,50,(83 食評),7071,正價85折 主菜餐牌 （消費滿$500）
Apinara,金鐘金鐘道88號太古廣場2樓205號舖,$201-400,泰國菜,海鮮,53,(97 食評),6310,送 25里數 / 30積分
八鍋堂．中日火鍋專門店 Hachi Nabe,旺角西洋菜街1號兆萬中心3樓301號舖,$201-400,港式,火鍋,125,(142 食評),1652,提供網上訂座
宿宿醉 Hang O Pho,中環閣麟街37號祥興商業大廈6樓,$51-100,越南菜,法國菜,57,(71 食評),4390,送 25里數 / 30積分
I'm Nuts,灣仔汕頭街24號意可樓地下,$101-200,西式,漢堡包,74,(95 食評),2413,送 25里數 / 30積分
MoMo Café,沙田安平街1號香港沙田萬怡酒店,$401-800,多國菜,自助餐,74,(154 食評),11034,送 25里數 / 30積分
NeNe Chicken,將軍澳重華路8號東港城2樓225號舖,$101-200,韓國菜,韓式炸雞,73,(93 食評),763,送 25里數 / 30積分
麥田廚房 Wheatfield Kitchen,銅鑼灣邊寧頓街13-15號2樓,$51-100,俄國菜,樓上cafe,108,(125 食評),4679,送 25里數 / 30積分
Le Rêve,銅鑼灣耀華街38號Zing! 10樓,$401-800,日本菜,Fine Dining,58,(79 食評),4383,提供網上訂座
朝花夕拾 ZhaoHuaXiShi,尖沙咀河內道18號K11購物藝術館2樓201B號舖,$101-200,日本菜,All Day Breakfast,39,(88 食評),8106,送 25里數 / 30積分
Salt Recipes,元朗元龍街9號形點一期2樓2042號舖,$101-200,西式,西式,48,(93 食評),4442,送 25里數 / 30積分
象泰 Jaunty Restaurant,屯門屯門鄉事會路112-140號雅都花園1樓商場118-127號舖,$51-100,泰國菜,泰國菜,70,(107 食評),1644,送 25里數 / 30積分
鮨見 Sushi mi,尖沙咀亞士厘道18號2樓,$201-400,日本菜,壽司/刺身,67,(75 食評),1492,送 25里數 / 30積分
My Day,尖沙咀彌敦道132號美麗華廣場一期食四方6樓601號舖,$201-400,西式,自助餐,91,(123 食評),3117,送 25里數 / 30積分
御品·千之味 Oi-Shi-Sushi,深水埗荔枝角道390號C號地舖,$51-100,日本菜,壽司/刺身,117,(149 食評),1967,送 25里數 / 30積分
Little Mario’s Pizzeria,觀塘開源道60號駱駝漆大廈3座4樓U01室,$101-200,意大利菜,薄餅,62,(73 食評),1307,送 25里數 / 30積分
"The Italian Club - Wine Bar, Steak House & Pizza Gourmet",中環蘇豪伊利近街1-5號地舖,$201-400,意大利菜,酒,83,(94 食評),1942,送 25里數 / 30積分
英皇紅酒扒房 King's Wine & Dine,鰂魚涌英皇道668號健康村地下3號舖,$201-400,西式,酒,59,(82 食評),4180,送 25里數 / 30積分
功德林上海素食 Kung Tak Lam Shanghai Vegetarian Cuisine,銅鑼灣告士打道280號世貿中心10樓,$101-200,滬菜 (上海),素食,139,(193 食評),3562,送 25里數 / 30積分
牛気 Nabe Urawa,銅鑼灣軒尼詩道500號希慎廣場14樓L1404-1405號舖,$101-200,日本菜,火鍋,54,(71 食評),5939,送 25里數 / 30積分
新記雞粥 Sun Kee Chicken Congee,筲箕灣筲箕灣道307號地下及1樓,$51-100,港式,粥品,66,(91 食評),1459,送 25里數 / 30積分
Maison ES,灣仔星街1A號地舖 (入口位於電氣街),$401-800,法國菜,法國菜,58,(94 食評),6715,提供網上訂座
ZERO,旺角亞皆老街8號朗豪坊12樓5-9號舖,$101-200,意大利菜,海鮮,39,(101 食評),5043,送 25里數 / 30積分
京.花朝 Fat Duck Den Chinese Cuisine,銅鑼灣耀華街3號百樂中心9樓,$101-200,京菜 (官府菜),中菜館,42,(64 食評),4457,送 25里數 / 30積分
石牆道韓國餐廳 Dol Dam Gil Korean Restaurant,尖沙咀金巴利道27-33號永利大廈地下20及22號舖,$201-400,韓國菜,烤肉,84,(145 食評),5408,送 25里數 / 30積分
Pinot Duck,赤柱佳美道23號赤柱廣場地下G07號舖,$101-200,多國菜,酒,80,(101 食評),2619,送 25里數 / 30積分
鳳雛燉雞 Bongchu Jjimdak,旺角彌敦道726號10樓,$101-200,韓國菜,韓國菜,56,(93 食評),3866,送 25里數 / 30積分
119 Italio Restaurant & Bar,太子基隆街119號地舖,$101-200,意大利菜,扒房,74,(92 食評),2190,送 25里數 / 30積分
Fang Fang,中環蘭桂坊雲咸街33號LKF Tower 8樓,$401-800,多國菜,酒吧,60,(72 食評),2228,送 25里數 / 30積分
街坊Cafe Kaifong Cafe,"旺角通菜街1號威達商業大厦地下1E,F& H號舖",$51-100,港式,甜品/糖水,415,(519 食評),25489,主餐牌5折及飲品5折（龍蝦類除外）
吞POT 雞煲火鍋.住家菜 Lazy Pot,旺角彌敦道726號23樓,$101-200,港式,火鍋,305,(336 食評),14313,9:30宵夜時段所有火鍋配料及小食半價
焱手工涮涮鍋 Yan Handcraft Hotpot,旺角彌敦道558-560號譽發廣場3樓,$201-400,台灣菜,火鍋,177,(215 食評),10141,[7:30pm前結賬離座]主菜單火鍋配料5折或套餐85折
吞POT 雞煲火鍋.住家菜 Lazy Pot,油麻地彌敦道560號譽發廣場22樓,$101-200,港式,火鍋,135,(147 食評),3715,每晚9:30後所有火鍋配料及小食均有半價優惠
Scarlett Cafe & Wine Bar,尖沙咀柯士甸路2號地舖,$201-400,法國菜,法國菜,93,(142 食評),12352,單點食品及飲品5折優惠
韓讚 Zzang,銅鑼灣渣甸街66號Aura on Pennington 2樓,$101-200,韓國菜,火鍋,45,(64 食評),2828,"下午茶時段主餐牌 ""半價"""
鳥炎屋 Torienya,尖沙咀亞士厘道17-19號4樓,$201-400,日本菜,爐端燒,56,(82 食評),4345,宵夜時段5折優惠
MoMo Café,西環干諾道西167號香港萬怡酒店,$401-800,多國菜,素食,58,(125 食評),4121,全單6折
The Oyster House,灣仔謝斐道154號地下C號舖,$201-400,意大利菜,海鮮,177,(216 食評),12046,新鮮生蠔六折優惠 - 每位客人必須惠顧兩杯以上紅/白/汽酒
DK Bar & Restaurant,尖沙咀金巴利道40號MW Plaza 2樓,$51-100,多國菜,酒吧,41,(43 食評),415,正價6折 單點餐牌
御花園咖啡室 Cafe Rivoli,銅鑼灣怡和街88號富豪香港酒店1樓,$201-400,西式,自助餐,57,(159 食評),4921,自助餐大募集
糖果工房 Sugar Factory Cafe,旺角登打士街36號恆威商業中心13樓,$51-100,日本菜,甜品/糖水,7,(8 食評),325,單點主菜、小食、甜品6折優惠（飲品除外）
Home Sweet Home,太子基隆街13號永基樓地舖,$101-200,西式,海鮮,234,(279 食評),4259,全單65折
一鳴燒 Amazing BBQ,銅鑼灣軒尼詩道525號澳門逸園中心10樓,$101-200,日本菜,串燒,109,(126 食評),4284,正價65折 單點餐牌
Gastrobox by Okapi Cafe,西貢萬年街67號,$101-200,意大利菜,西式,38,(66 食評),2391,主餐牌單點食品六五折優惠
Oasis Cafe & Party House,旺角亞皆老街83號先施大廈4樓406室,$51-100,西式,甜品/糖水,77,(108 食評),6038,正價69折 單點餐牌
Running 燒 Running BBQ,旺角彌敦道726號9樓,$201-400,韓國菜,自助餐,388,(446 食評),22786,7折優惠（21:30後入座）
Zenon Café,中環威靈頓街86號地舖,$51-100,西式,三文治,221,(284 食評),10736,訂座並惠顧任何食品可享全單7折優惠
The Grill Room,尖沙咀堪富利士道6-6A號爵寓2樓,$201-400,西式,扒房,175,(228 食評),11476,晚市六時入座享晚市套餐七折優惠
養心殿台式養生鍋,荃灣眾安街55號大鴻輝(荃灣)中心17樓,$201-400,台灣菜,火鍋,163,(208 食評),13111,指定時段五折優惠 (需於晚上七點前離座)
Lifetastic,西環石塘咀山道31-37號地下B舖,$101-200,澳洲菜,All Day Breakfast,144,(212 食評),10994,慶祝尖沙咀分店隆重開幕消費單點餐牌享有七折優惠！
火鍋煮場,深水埗福榮街14號地舖,$201-400,粵菜 (廣東),火鍋,85,(105 食評),5086,季節限定火鍋配料7折優惠 (須九時後入座)
小欖燒烤樂園 BBQ by the Beach,屯門青山公路小欖段DD384 LOT253,$101-200,港式,燒烤,121,(199 食評),1944,星期一至日訂座可享燒烤入場費5折優惠
add@Prince,尖沙咀廣東道23號海港城香港太子酒店3樓,$201-400,西式,自助餐,69,(130 食評),12285,全單7折
湯•米 Soup and Rice,旺角豉油街60-104號鴻都大廈地下AB舖,$51-100,台灣菜,火鍋,91,(118 食評),2489,湯米台灣夜市爆紅臭臭鍋宵夜7折優惠！
蠔站 OS Plus,荃灣楊屋道1號荃新天地一期上層地下UG41號舖,$201-400,西式,海鮮,27,(66 食評),3536,正價7折 主菜餐牌  消費滿$500
BU Healthy Dining & Gathering,尖沙咀河內道18號K11購物藝術館3樓310-311號舖,$101-200,西式,西式,20,(42 食評),1806,7折
享慢煮意 Fast Gourmet,中環善慶街9號地舖,$51-100,多國菜,All Day Breakfast,28,(36 食評),2153,正價7折 單點餐牌
蠔站 OS Plus,青衣青衣城2期2樓222號舖,$201-400,西式,海鮮,6,(29 食評),865,正價7折 單點餐牌
喜膳燒 Happy Q,尖沙咀寶勒巷10號地舖,$101-200,港式,串燒,87,(103 食評),2697,訂座享晚市指定時段食品七折
The Food Gallery,尖沙咀北京道8號香港朗廷酒店大堂,$401-800,西式,自助餐,102,(192 食評),26431,自助午餐網上訂座7折優惠
The Place,旺角上海街555號香港康得思酒店L樓層,$401-800,多國菜,海鮮,239,(481 食評),52154,全單75折
相馬日式火鍋 Soma Shabu Shabu,觀塘成業街10號電訊一代廣場1樓B2號舖,$101-200,日本菜,火鍋,62,(105 食評),7842,相馬日式火鍋-最後召集75折優惠
相馬日式火鍋 Soma Shabu Shabu,荔枝角長義街10號昌隆工業大廈1樓B-C舖,$101-200,日本菜,火鍋,84,(104 食評),2438,最後召集75折優惠
LAB EAT Restaurant & Bar,尖沙咀金巴利道87-89號僑豐大厦地下1-2號舖,$201-400,西式,海鮮,436,(565 食評),50744,網上訂座可享75折優惠
Doux,旺角彌敦道726號18樓全層,$101-200,多國菜,甜品/糖水,380,(473 食評),17162,正價75折 主菜餐牌 訂座享主主菜75折
Three on Canton,尖沙咀廣東道13號海港城港威酒店3樓,$401-800,多國菜,自助餐,132,(233 食評),25467,全單75折
卡莎338 Casa 338,長沙灣東京街50號地舖,$51-100,西式,酒,134,(171 食評),4208,早場75折優惠
Uptop Bistro and Bar,尖沙咀漆咸道南117號珀薈酒店19樓,$201-400,西式,沙律,96,(134 食評),10577,網上訂座享晚市指定時段(星期一至四) 75折
LAB EAT Restaurant & Bar,旺角彌敦道700號T.O.P. This is Our Place 5樓502號舖,$201-400,西式,海鮮,94,(125 食評),7885,訂座享75折優惠
Bostonian Seafood & Grill,尖沙咀北京道8號香港朗廷酒店低層大堂,$401-800,多國菜,海鮮,142,(186 食評),10720,正價75折 單點餐牌
四季‧悅 日本餐廳 Shiki Etsu Japanese Restaurant,金鐘夏慤道16號遠東金融中心閣樓,$201-400,日本菜,壽司/刺身,83,(129 食評),4604,極尚晚市放題75折
黃記煌三汁燜鍋,尖沙咀加拿分道16號金輝大廈1樓,$101-200,京菜 (官府菜),火鍋,70,(89 食評),2946,訂座享午市及宵夜時段75折優惠
麻浦元祖 Mapo Korean BBQ,尖沙咀亞士厘道35號九龍中心大廈地下B號舖,$101-200,韓國菜,韓燒,56,(71 食評),3440,全單75折
大和豚総本店 YAMATON,旺角彌敦道639號雅蘭中心1樓101-102號舖,$101-200,韓國菜,拉麵,80,(141 食評),4644,訂座享全單75折優惠
霸王川莊 Sichuan House,元朗元龍街9號形點一期2樓2041號舖,$101-200,川菜 (四川),中菜館,29,(59 食評),2213,訂座享75折優惠
Pepino 意大利餐廳 Pepino Italian Restaurant,灣仔灣仔謝斐道238號香港諾富特世紀酒店1樓,$201-400,意大利菜,酒店餐廳,64,(90 食評),5074,Pepino 意大利餐廳 單點餐牌 75折
Gastrobox The Union,西環堅尼地城卑路乍街150號加多近山地下1號舖,$101-200,意大利菜,海鮮,20,(28 食評),1547,網上訂座享晚市指定時段七五折
天際咖啡室 SkyCity Bistro,赤鱲角香港國際機場航天城東路1號香港天際萬豪酒店大堂,$201-400,西式,自助餐,41,(86 食評),2114,訂座享75折優惠
Ent Restaurant and Bar,大埔汀角路龍尾村20號A地舖,$101-200,西式,素食,24,(39 食評),2323,訂座享食品及飲品75折優惠
萬豪中菜廳 Man Ho Chinese Restaurant,赤鱲角香港大嶼山香港國際機場航天城東路1號香港天際萬豪酒店M樓,$201-400,粵菜 (廣東),酒店餐廳,34,(69 食評),833,訂座享75折優惠
LCB express,銅鑼灣駱克道487-489號駱克駅3樓,$101-200,西式,沙律,10,(14 食評),1157,全單75折
Dorsett Café,葵涌健全街28號地舖,$101-200,西式,西式,8,(19 食評),610,訂座可享5折優惠
天翔吧 Velocity Bar & Grill,赤鱲角香港國際機場航天城東路1號香港天際萬豪酒店M樓,$101-200,美國菜,酒吧,4,(8 食評),142,訂座享75折優惠
滿堂紅頂級雞煲火鍋 Mantanghong Supreme Hotpot,油麻地上海街375-379號明新大廈1樓及2樓全層地下5-7號舖,$101-200,川菜 (四川),火鍋,55,(89 食評),5201,<10:30pm後入座>正價78折•全日免收加一服務費
滿堂紅雞煲烤魚特式火鍋,深水埗青山道29-33號永勝大廈地下,$101-200,粵菜 (廣東),火鍋,41,(63 食評),3351,"<10:30pm後入座>折實每位$138（星期五,六,假期前夕及假期$148）"
第三站 Station 3 Cafe,旺角洗衣街39號金雞廣場25樓08-09室,$101-200,意大利菜,咖啡店,270,(380 食評),17018,全單79折
Yadllie Plate,旺角西洋菜街1號兆萬中心11樓,$101-200,韓國菜,韓式炸雞,487,(630 食評),27681,早鳥及消夜時段訂座 可享全單八折優惠
EAT ME Bar & Restaurant,旺角彌敦道560號譽發廣場5樓全層,$101-200,多國菜,咖啡店,481,(657 食評),20580,全單5折
吃吧 Chiba,旺角彌敦道566-568號僑建大廈2樓2室,$101-200,西式,酒吧,235,(276 食評),11223,全單8折
Cosmos Restaurant & Bar,尖沙咀寶勒巷27號東滙商業大厦地舖,$101-200,西式,海鮮,240,(287 食評),11677,訂座可享8折優惠
漁火海鮮刺身火鍋,銅鑼灣駱克道491-499號京都廣場8樓,$201-400,粵菜 (廣東),火鍋,277,(288 食評),7395,九點半後入座可享全單八折優惠
Rang Mahal Authentic Indian Cuisine,中環皇后大道中118號2樓,$101-200,印度菜,印度菜,207,(239 食評),5314,訂座享8折優惠
塩玉居酒屋 Shiotama,銅鑼灣登龍街28號永光中心10樓,$201-400,日本菜,壽司/刺身,150,(165 食評),3414,正價8折 主菜餐牌 晚市早鳥優惠
WIRED CAFE,尖沙咀彌敦道 118 -130號美麗華廣場二期低層地下B169 號舖,$101-200,日本菜,甜品/糖水,138,(256 食評),14525,正價8折 單點餐牌
The Americano,荔枝角長沙灣道883號億利工業中心1樓12室,$101-200,西式,咖啡店,135,(196 食評),5343,正價8折 單點餐牌
7E咖喱王 Khyber Pass Mess Club,尖沙咀彌敦道36-44號重慶大廈E座7樓E2室,$51-100,印度菜,咖喱,204,(298 食評),4279,正價8折 單點餐牌
Olive Cafe,大埔安邦路9號大埔超級城A區地下012A舖,$101-200,西式,包場派對,90,(137 食評),2374,訂座可享單點食品八折優惠
心選 Choice Cafe,旺角豉油街21號昌記大廈2樓B號舖,$51-100,西式,All Day Breakfast,70,(86 食評),2244,訂座享8折優惠
鷹巢 Eagle's Garden,旺角豉油街2號香港旺角希爾頓花園酒店2樓,$201-400,粵菜 (廣東),點心,40,(53 食評),3039,星期一至四訂座可享75折優惠
城市匯 Urban Park,尖沙咀加連威老道20-22號瑞生尖沙咀酒店4樓,$201-400,西式,扒房,44,(83 食評),7926,星期日至星期四下午六時後下午六時後 之訂座可享8折優惠
Orange Tree,中環蘭桂坊15-16號協興大廈5樓,$201-400,荷蘭菜,荷蘭菜,26,(33 食評),4062,訂座可享單點餐牌8折優惠（不包含飲料）
城市匯 Urban Park,中環德輔道中173號南豐大廈2樓3-5號店,$201-400,西式,扒房,35,(59 食評),3363,星期一至星期日下午六時後之訂座可享8折優惠
蠔站 Oyster Station,大角咀詩歌舞街83號亮賢居地下一號舖,$201-400,西式,海鮮,34,(57 食評),3964,8折 (消費滿HK$500)
星幕 Cielo,將軍澳唐德街3號香港九龍東皇冠假日酒店47樓,$101-200,美國菜,扒房,21,(59 食評),5622,星期一至四訂座及惠顧午餐及晚市自選菜譜可享8折優惠
碗屋 Wanya Japanese Restaurant,中環皇后大道中139號 The L. Place 1樓,$401-800,日本菜,日式放題,19,(36 食評),7920,訂座享任食放題8折
瀛豐放題料理專門店,銅鑼灣駱克道491-499號京都廣場10樓,$101-200,泰國菜,壽司/刺身,57,(104 食評),4181,訂座享八折優惠(原價加一)
Sushi Sora,尖沙咀柯士甸路3號富好中心地舖,$401-800,日本菜,壽司/刺身,40,(44 食評),913,正價8折 單點餐牌
蠔站 O S Plus,將軍澳唐德街9號將軍澳中心1樓163B舖,$201-400,西式,海鮮,24,(64 食評),3012,正價7折 主菜餐牌 正價貨品
丼吉日本吉列專門店餐廳 Tonkichi Tonkatsu Seafood,尖沙咀廣東道100號彩星集團大廈10樓全層,$201-400,日本菜,同客食飯,208,(281 食評),4975,晚巿八折優惠
捌壹壹 811 Sichuan Cuisine,旺角奶路臣街33號地下F號舖,$101-200,川菜 (四川),火鍋,61,(64 食評),623,全單8折
September,中環威靈頓街108-110號地舖,$101-200,法國菜,甜品/糖水,10,(17 食評),930,搶閘優惠
Papa Joe,尖沙咀諾士佛臺1號8樓,$201-400,多國菜,沙律,9,(15 食評),1230,全單8折
湯•米 Soup And Rice,將軍澳唐賢街23號帝景灣商場1樓40號舖,$51-100,台灣菜,粉麵/米線,21,(38 食評),1880,湯米台灣夜市爆紅臭臭鍋宵夜8折優惠！
嚐味 Gusto Restaurant,荃灣青山公路荃灣段398號愉景新城2樓L2-2030號舖,$51-100,港式,粉麵/米線,8,(42 食評),281,訂座可享主餐牌8折優惠
酒廊 The Lounge,赤鱲角香港國際機場航天城東路1號香港天際萬豪酒店大堂,$101-200,西式,酒吧,8,(13 食評),208,訂座享8折優惠
Indian Spices,西環高街72號地下10號舖,$101-200,印度菜,薄餅,5,(7 食評),139,正價8折 單點餐牌
心越 Le Viet’s,元朗錦田高埔村108號天空之城第10座地下,$51-100,越南菜,泰國菜,1,(1 食評),19,星期一至五訂座可享8折優惠 (只收現金)
16 Shell,天后炮台山蜆殼街6-16號寶榮大廈地下B舖,$101-200,意大利菜,咖啡店,336,(379 食評),7344,全單8折
A La Umai,天后電氣道108號冠貿商業大廈25樓,$401-800,法國菜,酒,172,(228 食評),7728,全單8折
好日咖啡店 GoodDay Cafe,銅鑼灣希雲街12號地舖,$51-100,港式,三文治,77,(92 食評),5492,訂座享指定時段8折
The Hideout Coffee House,西環西營盤第三街63號地下B舖,$51-100,西式,三文治,25,(44 食評),5298,訂座享晚市指定時段8折
Jashan Indian Cuisine,中環蘇豪荷李活道23號金珀苑1樓,$101-200,印度菜,咖喱,60,(92 食評),2042,正價8折 單點餐牌
Jo Jo Indian Cuisine,灣仔駱克道37-39號得利樓2樓,$101-200,印度菜,咖喱,15,(27 食評),834,正價8折 單點餐牌
Phytofiz Bar,旺角登打士街56號家樂坊19樓1906室,$50以下,港式,甜品/糖水,4,(4 食評),183,訂座享指定時段8折
Bacco,西貢萬年街21號地下,$51-100,印度菜,酒吧,5,(6 食評),93,全單8折
泰國椰菜苗,大埔大埔南盛街15號地舖,$101-200,泰國菜,火鍋,2,(7 食評),189,訂座享晚市指定時段8折
701 Place,元朗大棠道水蕉新村701號地舖,$101-200,多國菜,多國菜,1,(4 食評),271,訂座享晚市指定時段8折
殿 大喜屋日本料理 TONO DAIKIYA Japanese Restaurant,尖沙咀金巴利道26號1樓,$201-400,日本菜,壽司/刺身,337,(470 食評),34155,特選時段 85 折優惠！晚市19：30前離座及21：15後入座享有，不得與其他優惠並用，加一以原價計算
樂天大喜屋日本料理 Daikiya Japanese Restaurant,旺角彌敦道593-601號創興廣場2樓,$201-400,日本菜,日式放題,311,(414 食評),26522,樂天大喜屋 晚市85折特惠時段
大喜屋日本料理 Daikiya Japanese Restaurant,尖沙咀彌敦道74-78號文遜大厦5樓,$201-400,日本菜,日式放題,337,(452 食評),24163,特選時段 85 折優惠！晚市19：30前離座及21：15後入座享有，不得與其他優惠並用，加一以原價計算
泰聚 Thai Gather Restaurant & Bar,太子花園街239號嘉慶苑地下,$101-200,泰國菜,咖喱,233,(259 食評),5435,15% Off
One More Hotpot 來一鍋 One More Hotpot,銅鑼灣堅拿道西10號冠景樓2樓A號舖,$201-400,多國菜,火鍋,276,(296 食評),4049,全單85折
LA Creperie,銅鑼灣駱克道459-461號The L. Square 8樓,$101-200,法國菜,甜品/糖水,141,(202 食評),21692,訂座享晚市套餐餐牌85折優惠
巧得鍋 How Awesome,觀塘成業街15-17號成運工業大廈1樓12-14舖,$201-400,港式,火鍋,141,(181 食評),8841,訂座享八五折優惠(需晚上9點後入座)
鮨心 Kokoro Sushi,旺角彌敦道703-705號金鑽璽1樓(快富街入口),$201-400,日本菜,壽司/刺身,188,(221 食評),9007,指定時間訂座享85折優惠
原の味 Naked,尖沙咀麼地道61號冠華中心地下G1號舖,$201-400,日本菜,壽司/刺身,147,(172 食評),4154,正價85折 主菜餐牌 原之味主餐牌
BOM Cuisine,長沙灣青山道441號地舖,$51-100,葡國菜,酒,119,(136 食評),4034,下午七點半前離座八五折優惠
Chez Bistro,銅鑼灣耀華街3號百樂中心21樓,$201-400,西式,西餐廳,165,(175 食評),5099,開業兩周年訂座享全單85折優惠
尖沙咀凱悅酒店咖啡廳 Cafe (Hyatt),尖沙咀河內道18號香港尖沙咀凱悅酒店大堂樓層,$401-800,多國菜,自助餐,156,(242 食評),16473,全單7折
Rosie's Cafe by cafe company,沙田沙田正街18號新城市廣場第三期3樓A305號舖,$101-200,西式,咖啡店,84,(206 食評),8582,全單85折
Cafe R&C,銅鑼灣希雲街22-24號地舖,$101-200,西式,咖啡店,99,(190 食評),13261,全單85折
蠔站 OS Oyster Station,尖沙咀諾士佛臺1號7樓,$201-400,西式,海鮮,50,(83 食評),7071,正價85折 主菜餐牌 （消費滿$500）
Namo Avant Thai Restaurant,"尖沙咀麼地道68號帝國中心G2-4,18-22號舖",$201-400,泰國菜,酒吧,74,(104 食評),6664,訂座享全日堂食85折優惠
The Balcony,中環皇后大道中118號3樓,$201-400,日本菜,西式,70,(80 食評),2203,全單85折
天天海南雞飯 Tian Tian Hainanese Chicken Rice,銅鑼灣Fashion Walk京士頓街9號H2舖,$101-200,新加坡菜,新加坡菜,70,(150 食評),4960,全單85折
居食屋「和民」 Watami Japanese Casual Restaurant,銅鑼灣告士打道311號皇室堡4樓401號舖,$101-200,日本菜,壽司/刺身,78,(118 食評),2662,訂座可享主餐牌85折 (須惠顧主餐牌滿$300)
California Pizza Kitchen,紅磡黃埔新天地美食坊(第8期)3樓302號舖,$101-200,美國菜,薄餅,33,(49 食評),3980,星期一至五晚市，網上訂座可享主餐牌八五折優惠
饗和民 KYO Watami,太古康山道1-2號康怡廣場北座地下G7-G8號舖,$101-200,日本菜,壽司/刺身,35,(60 食評),1278,訂座可享主餐牌85折 (須惠顧主餐牌滿$300或以上)
California Pizza Kitchen,將軍澳唐賢街9號PopCorn商場1樓F10號舖,$101-200,美國菜,薄餅,39,(73 食評),2543,星期一至五晚市，網上訂座可享主餐牌八五折優惠
Insta Crepes,中環蘇豪伊利近街63號地舖,$51-100,法國菜,甜品/糖水,27,(37 食評),3998,正價85折 單點餐牌
California Pizza Kitchen,九龍灣宏照道38號MegaBox11樓10號舖,$101-200,美國菜,薄餅,131,(208 食評),2958,星期一至五晚市，網上訂座可享主餐牌八五折優惠
泰皇閣泰國菜館 Thai Palace Restaurant,九龍城衙前塱道15號地舖,$101-200,泰國菜,酒,48,(57 食評),534,全單85折
La Cobi Restaurant & Tapas,灣仔麥加力歌街13號地舖,$201-400,西班牙菜,海鮮,40,(51 食評),1635,夏日折扣 (食物消費滿HKD $500可享85折)
La Cantoche,上環華里5號地下/荷李活道227號,$201-400,法國菜,法國菜,25,(35 食評),4173,全單85折
居食屋「和民」 Watami Japanese Casual Restaurant,觀塘觀塘道414號1亞太中心2樓203號舖,$101-200,日本菜,壽司/刺身,21,(70 食評),1939,訂座可享主餐牌85折 (須惠顧主餐牌滿$200)
California Pizza Kitchen,新蒲崗太子道東638號Mikiki地下G12號舖,$101-200,美國菜,薄餅,27,(42 食評),1642,星期一至五晚市，網上訂座可享主餐牌八五折優惠
饗和民 KYO Watami,尖沙咀廣東道28號新太陽廣場B09號舖,$101-200,日本菜,壽司/刺身,16,(36 食評),1048,訂座可享主餐牌85折 (須惠顧主餐牌滿$300或以上)
Are U Labeler,何文田梭椏道25A地舖,$51-100,西式,咖啡店,16,(24 食評),796,早一小時訂座（本咖啡店不設服務費）
Tamarind Pan-Asian Restaurant & Bar,灣仔港灣道30號新鴻基中心2樓,$201-400,越南菜,酒,18,(33 食評),2771,訂座享全日堂食85折優惠
貝爾特酒廊 pentalounge,屯門震寰路6號香港屯門貝爾特酒店1樓,$101-200,港式,酒店餐廳,10,(20 食評),1029,網上訂座可享全日食品85折優惠
Pokka Cafe,屯門屯隆街3號屯門市廣場一期上層地下UG005舖,$101-200,日本菜,咖啡店,36,(76 食評),571,全單85折
UME i’beriko,北角宏安道18號地下9號舖,$101-200,多國菜,多國菜,9,(11 食評),171,訂座可享晚市主餐牌85折
Monkey Cafe,灣仔皇后大道東373號英皇駿景酒店地下,$101-200,西式,酒店餐廳,4,(9 食評),207,「花漾 · 下午茶」85折優惠
Mini Friday,旺角西洋菜南街2號銀城廣場9樓,$101-200,西式,西式糕點,216,(288 食評),14880,訂座可享有主餐牌食品88折及飲品半價優惠
Mini Friday,觀塘興業街4號The Wave 3樓,$101-200,西式,西式糕點,231,(316 食評),10874,訂座可享有主餐牌88折
千賀水產 Ten Million Japanese Restaurant,元朗西裕街達輝徑1號足彬大廈1號地舖,$101-200,日本菜,日式放題,191,(245 食評),10692,全單88折
616七桌子,"紅磡民泰街27-47號黃埔新邨J,K,L座地下B2號舖",$101-200,港式,火鍋,116,(122 食評),1778,全單88折
小糖鈕 Sweet Button,尖沙咀堪富利士道6-6A號3樓,$51-100,西式,甜品/糖水,93,(107 食評),2243,訂座享88折優惠
Villa Villa,大角咀埃華街88-102號大全樓地下B及D號舖,$101-200,西式,薄餅,61,(69 食評),1299,十月份優惠
BABY K Bora Seafood,尖沙咀河內道18號K11購物藝術館3樓314號舖,$101-200,意大利菜,海鮮,50,(79 食評),3215,訂坐可享全單88折優惠 (只限現金付款)
掌壽司 Tenohira Sushi,觀塘開源道60號駱駝漆大廈3座5樓U室,$201-400,日本菜,壽司/刺身,312,(392 食評),11307,全單9折
FireBird,銅鑼灣邊寧頓街13號隆堡柏寧頓酒店地下,$101-200,日本菜,串燒,280,(315 食評),8239,訂座可享主餐牌9折
La Postre,上環永樂街50號昌盛大廈3樓,$201-400,西班牙菜,甜品/糖水,178,(216 食評),12546,全單9折
金樂軒雞煲魚鍋,北角和富道114號康華大廈地下C3號舖,$101-200,川菜 (四川),火鍋,152,(162 食評),2311,全單9折
Lava Java 咖啡西餐廳 Lava Java Cafe & Restaurant,觀塘開源道71號王子大廈5樓B室,$101-200,西式,漢堡包,159,(202 食評),6084,晚市9折優惠 (加一前消費滿$600)
Yummy,旺角廣華街48號地下,$201-400,西式,甜品/糖水,119,(136 食評),2367,訂座每位惠顧任何飲品，全單9折優惠。
喜來稀肉 Seorae,旺角廣華街3號百利達廣場地庫,$101-200,韓國菜,烤肉,82,(124 食評),13501,訂座享9折優惠
Outdark,尖沙咀厚福街8號H8 17樓,$101-200,韓國菜,韓式炸雞,95,(143 食評),13335,指定時段訂座可享全單9折優惠 或 學生可享85折優惠
丼瀛 J-City,佐敦廟街188號地舖,$101-200,日本菜,壽司/刺身,112,(134 食評),4405,全單9折
616牛肉火鍋專門店,西環皇后大道西384-386號三多大樓地下A號舖,$101-200,港式,火鍋,89,(101 食評),3431,全單9折
浪人日本料理 Ronin Japanese Cuisine,中環威靈頓街2-8號威靈頓廣場M88 6樓,$201-400,日本菜,壽司/刺身,113,(136 食評),7547,晚市九折優惠
GOCHISO,沙田沙田正街18號新城市廣場一期1樓112號舖,$101-200,意大利菜,薄餅,97,(161 食評),6077,訂座可享主餐牌9折
GOCHISO,尖沙咀河內道18號K11購物藝術館2樓219-220舖,$101-200,意大利菜,薄餅,72,(144 食評),6956,訂座可享主餐牌9折
琛夜食堂,尖沙咀厚福街12號藍馬商業大廈5樓,$101-200,日本菜,烤肉,51,(63 食評),2156,正價9折 主菜餐牌 食品九折(特價品及飲料除外)
熊小館 Cafe MED,荃灣青山公路荃灣段398號愉景新城2樓2029號舖,$51-100,西式,咖啡店,67,(115 食評),3798,訂座及惠顧意粉類享九折或生日優惠
Ilis,尖沙咀山林道13-15號地下A1-A2號舖,$101-200,西式,All Day Breakfast,65,(75 食評),1996,全單9折
Plato Cafe & Bistro,佐敦吳松街186-188號地舖,$101-200,西式,甜品/糖水,104,(106 食評),2824,全單9折
Amazing,油麻地九龍窩打老道23號城景國際大堂,$101-200,泰國菜,咪嘥嘢食店,41,(63 食評),5667,2位或以上預訂Amazing 桃芒蜜語·下午茶自助餐，可享9折優惠
紅蔥頭 Cafe MED,旺角亞皆老街8號朗豪坊11樓25-29號舖,$51-100,西式,西式,113,(231 食評),3712,訂座及惠顧飯類享九折或生日優惠
夏娃 Eve Bistro,北角和富道118號康華大廈地下C1號舖,$101-200,德國菜,扒房,45,(65 食評),1247,晚上6點至8點入座，可享用全單9折優惠
小曼谷泰國美食 Mini Bangkok Thai Food,元朗教育路50號兆明樓地下A號舖,$101-200,泰國菜,泰國菜,43,(48 食評),624,全單9折
52 赫茲 52 Hertz,筲箕灣筲箕灣東大街4-10號東寶大廈地下3D舖,$101-200,意大利菜,薄餅,19,(22 食評),611,全單9折
簡·愛 G·eyre Organic Fusion Bar,灣仔軒尼詩道69號華美樓地下,$101-200,西式,沙律,14,(18 食評),1582,訂座享9折優惠
霸王山莊 Kings' Lodge,大角咀海泓道1號奧海城三期UG98號舖,$51-100,京川滬,中式包點,36,(75 食評),2034,訂座享9折優惠
The Boil Restaurant & Bar,中環雲咸街29號LKF 29 地下和1樓,$201-400,美國菜,海鮮,11,(20 食評),411,全單9折
嚐聚素食 Tasty Veggie,尖沙咀海防道38-40號中達大廈7樓全層,$101-200,多國菜,素食,10,(14 食評),688,全單9折
安柏娃 Amphawa,佐敦吳松街102號地下,$51-100,泰國菜,海鮮,5,(9 食評),667,OpenRice會員經由 OpenRice綱上訂座可享9折优惠
Burgerism,紅磡必嘉街103-105號寶石戲院大廈地下L舖,$101-200,西式,漢堡包,6,(10 食評),281,訂座享9折優惠
燒邦特色燒烤 Pong Seafood & Grill,天后電氣道74-78號金基大廈地下3B舖,$101-200,港式,串燒,2,(3 食評),40,全單9折
Rimi Cafe,旺角登打士街43H號登打士廣場20樓全層,$51-100,西式,樓上cafe,151,(190 食評),6416,任何時段 訂座可享95折優惠
The Mafe Cafe,旺角彌敦道577號高氏大樓3樓A-B室,$51-100,西式,甜品/糖水,98,(107 食評),1083,訂座可享95折優惠
有米鍋粥底海鮮火鍋 Rich Pot,九龍城侯王道61-63號地舖,$101-200,粵菜 (廣東),火鍋,8,(24 食評),1851,憑優惠券即減$50
The Grill Room,銅鑼灣駱克道459-461號The L. Square 5樓,$201-400,西式,扒房,508,(662 食評),32342,網上訂座八折優惠-商務二人或四人套餐
Plato Cafe & Bistro,油麻地彌敦道483-485號2樓,$101-200,西式,甜品/糖水,409,(506 食評),22898,訂座可贈送小食
Manhattan Grill & Bar,觀塘觀塘道414號一亞太中心(OPC)3樓303號舖,$201-400,美國菜,酒吧,358,(489 食評),12989,訂座享免費生日甜品及特色小食一客
Pom's Kitchen & Deli,佐敦德興街7號A-B號舖,$101-200,西式,西餐廳,268,(361 食評),18560,專享特別優惠
Amico 1890,旺角洗衣街24號地舖,$101-200,西式,薄餅,279,(387 食評),18514,訂座贈送意大利甜品
億饍 Multi Taste,旺角彌敦道558-560號譽發廣場4樓,$101-200,粵菜 (廣東),湯品,280,(330 食評),6884,"生日快樂,免費送蛋糕(5人 以上)或白酒一支(9人以上)"
ROJO,天后炮台山木星街3號地下B舖,$201-400,西班牙菜,酒,230,(263 食評),5696,餐廳優惠月: 網上訂座以$88享Tapas 套餐
火水爐冰室火鍋 Fo Shui Lo,旺角煙廠街33號朗廷軒1樓,$101-200,港式,火鍋,237,(284 食評),6966,訂座送花膠雞煲
八幡屋涮涮鍋 Yahataya Shabu Shabu,旺角彌敦道628號瓊華中心12樓全層,$101-200,日本菜,火鍋,371,(457 食評),16412,訂座優惠 (送生蠔刺身，海膽刺身，燒河豚干，Melona)
Darci by Aldou,元朗鳳攸南街9號好順利大廈地下60號,$101-200,多國菜,海鮮,176,(207 食評),5614,訂座送即開生蠔
大喜屋日本料理 Daikiya Japanese Restaurant,銅鑼灣軒尼詩道502號黃金廣場7樓,$201-400,日本菜,日式放題,216,(257 食評),12218,優惠時段只需$193起，適用於19：30前離座，21：15後入座，該優惠不得與其他優惠共用，加一以原價計算。
Siam 28,銅鑼灣軒尼詩道525號澳門逸園中心28樓,$101-200,泰國菜,海鮮,157,(185 食評),9281,"🍺啤酒, 紅白酒及有氣葡萄酒🍷《買一送一》"
Villa Villa,北角錦屏街後街25A號東發大廈地下31號舖,$101-200,西式,薄餅,168,(198 食評),8310,消費滿250元即送藍莓芝士餅一客
極尚大喜屋日本料理 Deluxe Daikiya Japanese Restaurant,銅鑼灣軒尼詩道489號銅鑼灣廣場一期9樓,$201-400,日本菜,日式放題,187,(258 食評),13098,"特選優惠時段(星期一至四:  $200, 星期五至日及公眾假期及前夕: $220)"
FRITES Belgium on Tap,銅鑼灣希雲街38號曦巒地下1號舖,$201-400,比利時菜,西餐廳,161,(177 食評),10773,單點餐牌5折優惠 (適用於11:45 – 4:45pm)
Neighbor,銅鑼灣邊寧頓街5號地鋪,$101-200,意大利菜,扒房,208,(268 食評),12606,訂座即可85折享用所有波士頓龍蝦菜式
醉胡爐 Wulu Restaurant,尖沙咀柯士甸路20號保發商業大廈地舖,$201-400,港式,火鍋,218,(241 食評),5992,訂座及二人同行每位惠顧滿$200或以上免費送火焰龍蝦海鮮火鍋
El Cerdo,荃灣大壩街77號地舖,$201-400,西班牙菜,西班牙菜,155,(186 食評),5200,餐廳優惠月: 網上訂座以低至$68享Tapas 套餐
OM Tapas,尖沙咀棉登徑1號地舖,$201-400,西班牙菜,酒,130,(155 食評),7285,餐廳優惠月: 網上訂座星期日至四晚市時段可以$88享Tapas 套餐
Gioia Charcoal Grill & Oyster Bar,西環堅尼地城吉席街55-57號美新大廈地下A-C舖,$201-400,多國菜,海鮮,172,(195 食評),4556,午市套餐特惠
魔膳廚房 MS KITCHEN,觀塘開源道77號業發大廈一期2樓D室,$101-200,西式,甜品/糖水,276,(314 食評),8574,8折，8折！於午市2點後入座8折優惠(其他優惠不能同時使用)
Ulyssa by Aldou,荔枝角長沙灣道883號億利工業中心2樓203室,$101-200,西式,咖啡店,148,(168 食評),3816,訂座送即開生蠔（歡迎自帶酒水，免收開瓶費）
Y Show Tasty,尖沙咀厚福街8號H8 12樓,$101-200,西式,西式,133,(150 食評),3292,午市4人同行，1人免費
胡爐 Wulu,尖沙咀厚福街8號H8 16樓,$201-400,港式,火鍋,163,(182 食評),5258,訂座及二人同行每位惠顧滿$200或以上免費送「火焰龍蝦海鮮火鍋」
Aldou Cafe,元朗馬田路38號怡豐花園3號地舖,$101-200,多國菜,甜品/糖水,122,(143 食評),8590,訂座送白酒忌廉藍青口一份
金蘭花泰國餐廳 Sawali Club,銅鑼灣怡和街22號3樓,$101-200,泰國菜,泰國菜,130,(147 食評),4292,網上訂座消費滿 $250 可享九折優恵
意粉狂熱 Pastaholic,旺角彌敦道639號雅蘭中心2樓208號舖,$101-200,意大利菜,薄餅,118,(157 食評),7163,飲品買一送一優惠(價值$38或以下之飲品)
泰廳 Thai Ten,元朗青山公路元朗段234-242號福德樓地下5號舖,$51-100,泰國菜,泰國菜,114,(137 食評),2688,泰廳送你蒜蓉焗青口 （5件）
FRITES Belgium on Tap,中環威靈頓街198號The Wellington 1樓,$201-400,比利時菜,比利時菜,101,(132 食評),8567,訂座75折優惠 (適用於2:30 – 4:45pm)
Pizza Piazza,荔枝角長沙灣道883號億利工業中心地下1A舖,$101-200,意大利菜,薄餅,135,(159 食評),4872,全單9折
La Bo La,灣仔皇后大道東200號利東街地下G02-03號舖,$201-400,越南菜,粉麵/米線,108,(153 食評),5877,餐廳優惠月: 網上訂座以$78享Tapas 套餐
香港郵意 Postcollectionhk Cafe,尖沙咀漆咸道南61-65號首都廣場2樓80-82號舖,$51-100,多國菜,甜品/糖水,157,(237 食評),6644,訂座消費滿$350送Movenpick配心太軟
翠林辣蟹舫 Greenland Spicy Crab,尖沙咀亞士厘道24-38號天星大廈1樓A號舖,$101-200,粵菜 (廣東),海鮮,114,(130 食評),4558,訂購避風塘炒蟹即送你避風塘鮑魚每人一隻-（每日送完即止）
Amina Modern European,尖沙咀廣東道82-84號流尚坊8樓全層,$401-800,意大利菜,Fine Dining,114,(122 食評),2781,"10月特別優惠: 訂座享晚餐85折 8 Course, 9 Course or Wine Pairing Set Menu 及 $198半打生蠔優惠"
鮮一夜火鍋 One Night Pot,荃灣眾安街55號大鴻輝中心21樓B室,$201-400,港式,火鍋,83,(95 食評),3502,一夜皇御套餐   鮮味之選蒸鮮餐
稻成小館 Dab-pa Peking & Szechuan Bistro,屯門屯隆街3號屯門市廣場一期2樓2162號舖,$101-200,川菜 (四川),中菜館,76,(113 食評),2004,訂座享二人套餐半價優惠 (原價$680減至$340)
意粉狂熱 Pastaholic,銅鑼灣告士打道311號皇室堡2樓203-204號舖,$101-200,意大利菜,薄餅,89,(116 食評),2189,飲品買一送一優惠(價值$38或以下之飲品)
品越越式料理 La'taste Vietnamese Cuisine,旺角彌敦道639號雅蘭中心1樓116號舖,$51-100,越南菜,粉麵/米線,118,(200 食評),6441,訂座可享指定二人套餐半價優惠
莱茵河餐廳 Rhine River Restaurant & Bar,荃灣大壩街71號德仁樓第16期地下7號舖,$51-100,意大利菜,西式,86,(123 食評),3431,正價15折 主菜餐牌 惠顧二人套餐可享有八五折
FRITES Belgium on Tap,鰂魚涌太古坊英皇道979號濠豐大廈地下,$201-400,比利時菜,比利時菜,76,(113 食評),4476,$100 和牛漢堡瘋狂祭 (逢星期三)
Involtini Italian Cuisine,銅鑼灣駱克道459-461號 The L. Square 11樓,$201-400,意大利菜,西式糕點,55,(64 食評),8661,Italy environment tasting menu discount -$200
Beerliner German Bar & Restaurant,大角咀海泓道1號奧海城三期地下G18號舖,$201-400,德國菜,適合大夥人,104,(172 食評),8500,主菜買一送一優惠
海鍋手工涮涮鍋 Ocean Hot-Pot,尖沙咀加拿芬道16號金輝大廈2樓,$201-400,粵菜 (廣東),火鍋,69,(85 食評),3064,全日火鍋配料散點85折優惠
來佬餐館 Loyal Dining,灣仔杜老誌道5號地下至1樓,$101-200,港式,無肉餐單,25,(38 食評),4628,來佬推介扒類套餐85折優惠
蠔門宴 Oyster Paradise,九龍城城南道72-74號地下,$201-400,日本菜,壽司/刺身,99,(110 食評),3247,雙重優惠：生蠔半價+全單85折
焰淑泰國餐廳 Imsook Thai Kitchen,銅鑼灣登龍街18號V Point地下1號舖,$101-200,泰國菜,私房菜,96,(105 食評),1817,訂座送泰式生蝦或甜品拼盤優惠
Tipsy Restaurant & Bar,大坑銅鑼灣道98號1樓,$201-400,多國菜,酒,43,(48 食評),2660,訂座享食品9折優惠
Oyster Season,元朗元朗馬田路38號怡豐花園A座地下67號舖,$201-400,秘魯菜,海鮮,55,(58 食評),1358,星期一至四訂座及惠顧海鮮類食品送指定紅白酒一支
Hugo Le Resto Grill,銅鑼灣怡和街42-44號華人銀行東區大廈2樓,$201-400,西式,海鮮,64,(77 食評),2039,午市自助沙律吧買一送一
叄嵐日本燒鳥串燒居酒屋 Arashi-Sann Japanese Restaurant and Bar,灣仔安樂里地下D舖,$101-200,日本菜,串燒,49,(60 食評),1398,訂座消費送清酒(消費滿$350)
Shoreditch,西環堅尼地城吉席街18號地舖,$201-400,英國菜,扒房,36,(58 食評),5134,訂座可半價享用Love Lobster
FRITES Belgium on Tap,灣仔港灣道28號Brim 28灣景中心1樓6號舖,$201-400,比利時菜,西餐廳,42,(68 食評),4030,訂座75折優惠 (適用於2:30 – 4:45pm)
辣蟹舫 Spicy Crab Kingdom,長沙灣順寧道483號順景華庭1樓,$101-200,粵菜 (廣東),海鮮,40,(64 食評),3915,訂座享有$399避風塘炒蟹1斤2兩重（原價$588）真材實料！！！
Bierhof,太子界限街44號地下,$51-100,德國菜,西餐廳,51,(63 食評),1300,餐廳優惠月: 網上訂座以$88享Tapas 套餐
紫粵軒 Tze Yuet Heen,將軍澳唐德街3號香港九龍東皇冠假日酒店2樓,$201-400,粵菜 (廣東),火鍋,50,(82 食評),3878,星期一至五訂座及惠顧午市及晚市自選菜譜8折
樂雅軒中菜廳 The Balcony,油麻地窩打老道23號城景國際1樓,$201-400,粵菜 (廣東),中菜館,42,(63 食評),2496,惠顧午市享85折 當月生日獲贈賀壽蟠桃
Enjoy Chef,荔枝角長沙灣道883號億利工業中心7樓704室,$101-200,西式,多國菜,37,(61 食評),3696,訂座可享晚巿廚師推介餐牌七折優惠
Amber’s Table,紅磡黃埔新天地百寶坊(第3期)地下G27號舖,$101-200,西式,Fine Dining,29,(36 食評),2033,"憑劵10月生日的朋友出示身份證前來用餐,可免費獲得指定甜品一客"
橫浜街場,旺角彌敦道726號7樓,$201-400,港式,火鍋,25,(29 食評),713,全時段優惠大放送
小城鎮 Little Town,北角明園西街2-6號明苑中心地舖,$51-100,西式,薄餅,90,(93 食評),660,限時優惠消費滿$600即送香烤德式豬手一客(原價$178)
